#1 : frequency[Hz] = 3.00000e+09
  No.  No.     X[m]        Y[m]        Z[m]      E[V/m]     Ex[V/m]   Ex[deg]   Ey[V/m]   Ey[deg]   Ez[V/m]   Ez[deg]
    0    0  -1.500e-01  -1.500e-01   0.000e+00  4.712e-01  2.154e-17  120.741  1.898e-17  -54.973  4.712e-01  -66.611
    0    1  -1.500e-01  -1.400e-01   0.000e+00  4.635e-01  1.744e-17  127.168  2.075e-17  -28.694  4.635e-01  -59.166
    0    2  -1.500e-01  -1.300e-01   0.000e+00  4.376e-01  1.298e-17  129.540  2.496e-17  -11.882  4.376e-01  -50.644
    0    3  -1.500e-01  -1.200e-01   0.000e+00  4.079e-01  9.330e-18  126.967  2.899e-17   -3.761  4.079e-01  -40.187
    0    4  -1.500e-01  -1.100e-01   0.000e+00  3.902e-01  7.198e-18  122.580  3.253e-17    0.014  3.902e-01  -27.356
    0    5  -1.500e-01  -1.000e-01   0.000e+00  3.984e-01  6.341e-18  126.078  3.576e-17    2.323  3.984e-01  -13.108
    0    6  -1.500e-01  -9.000e-02   0.000e+00  4.390e-01  6.307e-18  142.970  3.864e-17    5.085  4.390e-01    0.274
    0    7  -1.500e-01  -8.000e-02   0.000e+00  5.079e-01  7.076e-18  167.482  4.088e-17    9.282  5.079e-01   11.078
    0    8  -1.500e-01  -7.000e-02   0.000e+00  5.951e-01  8.315e-18 -168.236  4.209e-17   15.078  5.951e-01   19.150
    0    9  -1.500e-01  -6.000e-02   0.000e+00  6.897e-01  9.377e-18 -144.726  4.195e-17   22.073  6.897e-01   25.128
    0   10  -1.500e-01  -5.000e-02   0.000e+00  7.819e-01  1.017e-17 -118.933  4.019e-17   29.547  7.819e-01   29.661
    0   11  -1.500e-01  -4.000e-02   0.000e+00  8.643e-01  1.153e-17  -90.753  3.646e-17   36.696  8.643e-01   33.172
    0   12  -1.500e-01  -3.000e-02   0.000e+00  9.316e-01  1.424e-17  -66.203  3.045e-17   42.821  9.316e-01   35.866
    0   13  -1.500e-01  -2.000e-02   0.000e+00  9.810e-01  1.773e-17  -49.879  2.206e-17   47.442  9.810e-01   37.811
    0   14  -1.500e-01  -1.000e-02   0.000e+00  1.011e+00  2.063e-17  -41.175  1.162e-17   50.291  1.011e+00   38.997
    0   15  -1.500e-01   0.000e+00   0.000e+00  1.021e+00  2.174e-17  -38.478  0.000e+00    0.000  1.021e+00   39.397
    0   16  -1.500e-01   1.000e-02   0.000e+00  1.011e+00  2.063e-17  -41.175  1.162e-17 -129.709  1.011e+00   38.997
    0   17  -1.500e-01   2.000e-02   0.000e+00  9.810e-01  1.773e-17  -49.879  2.206e-17 -132.558  9.810e-01   37.811
    0   18  -1.500e-01   3.000e-02   0.000e+00  9.316e-01  1.424e-17  -66.203  3.045e-17 -137.179  9.316e-01   35.866
    0   19  -1.500e-01   4.000e-02   0.000e+00  8.643e-01  1.153e-17  -90.753  3.646e-17 -143.304  8.643e-01   33.172
    0   20  -1.500e-01   5.000e-02   0.000e+00  7.819e-01  1.017e-17 -118.933  4.019e-17 -150.453  7.819e-01   29.661
    0   21  -1.500e-01   6.000e-02   0.000e+00  6.897e-01  9.377e-18 -144.726  4.195e-17 -157.927  6.897e-01   25.128
    0   22  -1.500e-01   7.000e-02   0.000e+00  5.951e-01  8.315e-18 -168.236  4.209e-17 -164.922  5.951e-01   19.150
    0   23  -1.500e-01   8.000e-02   0.000e+00  5.079e-01  7.076e-18  167.482  4.088e-17 -170.718  5.079e-01   11.078
    0   24  -1.500e-01   9.000e-02   0.000e+00  4.390e-01  6.307e-18  142.970  3.864e-17 -174.915  4.390e-01    0.274
    0   25  -1.500e-01   1.000e-01   0.000e+00  3.984e-01  6.341e-18  126.078  3.576e-17 -177.677  3.984e-01  -13.108
    0   26  -1.500e-01   1.100e-01   0.000e+00  3.902e-01  7.198e-18  122.580  3.253e-17 -179.986  3.902e-01  -27.356
    0   27  -1.500e-01   1.200e-01   0.000e+00  4.079e-01  9.330e-18  126.967  2.899e-17  176.239  4.079e-01  -40.187
    0   28  -1.500e-01   1.300e-01   0.000e+00  4.376e-01  1.298e-17  129.540  2.496e-17  168.118  4.376e-01  -50.644
    0   29  -1.500e-01   1.400e-01   0.000e+00  4.635e-01  1.744e-17  127.168  2.075e-17  151.306  4.635e-01  -59.166
    0   30  -1.500e-01   1.500e-01   0.000e+00  4.712e-01  2.154e-17  120.741  1.898e-17  125.027  4.712e-01  -66.611
    1    0  -1.400e-01  -1.500e-01   0.000e+00  4.764e-01  1.939e-17  158.864  2.241e-17  -28.107  4.764e-01  -38.820
    1    1  -1.400e-01  -1.400e-01   0.000e+00  4.738e-01  1.476e-17  166.242  2.356e-17   -0.416  4.738e-01  -29.681
    1    2  -1.400e-01  -1.300e-01   0.000e+00  4.499e-01  9.896e-18  167.765  2.766e-17   18.936  4.499e-01  -19.179
    1    3  -1.400e-01  -1.200e-01   0.000e+00  4.217e-01  6.275e-18  158.452  3.112e-17   29.885  4.217e-01   -6.603
    1    4  -1.400e-01  -1.100e-01   0.000e+00  4.079e-01  4.926e-18  142.262  3.346e-17   35.879  4.079e-01    7.979
    1    5  -1.400e-01  -1.000e-01   0.000e+00  4.226e-01  4.965e-18  142.763  3.513e-17   39.184  4.226e-01   22.915
    1    6  -1.400e-01  -9.000e-02   0.000e+00  4.695e-01  5.441e-18  164.025  3.672e-17   41.654  4.695e-01   35.820
    1    7  -1.400e-01  -8.000e-02   0.000e+00  5.428e-01  6.644e-18 -166.983  3.846e-17   44.741  5.428e-01   45.576
    1    8  -1.400e-01  -7.000e-02   0.000e+00  6.329e-01  8.301e-18 -141.218  4.013e-17   49.116  6.329e-01   52.573
    1    9  -1.400e-01  -6.000e-02   0.000e+00  7.308e-01  9.543e-18 -118.218  4.120e-17   54.612  7.308e-01   57.677
    1   10  -1.400e-01  -5.000e-02   0.000e+00  8.280e-01  1.004e-17  -93.330  4.093e-17   60.559  8.280e-01   61.585
    1   11  -1.400e-01  -4.000e-02   0.000e+00  9.174e-01  1.061e-17  -63.688  3.846e-17   66.201  9.174e-01   64.691
    1   12  -1.400e-01  -3.000e-02   0.000e+00  9.931e-01  1.260e-17  -34.697  3.306e-17   70.958  9.931e-01   67.151
    1   13  -1.400e-01  -2.000e-02   0.000e+00  1.050e+00  1.584e-17  -14.696  2.445e-17   74.491  1.050e+00   68.975
    1   14  -1.400e-01  -1.000e-02   0.000e+00  1.086e+00  1.874e-17   -4.219  1.304e-17   76.644  1.086e+00   70.107
    1   15  -1.400e-01   0.000e+00   0.000e+00  1.098e+00  1.988e-17   -1.028  0.000e+00    0.000  1.098e+00   70.492
    1   16  -1.400e-01   1.000e-02   0.000e+00  1.086e+00  1.874e-17   -4.219  1.304e-17 -103.356  1.086e+00   70.107
    1   17  -1.400e-01   2.000e-02   0.000e+00  1.050e+00  1.584e-17  -14.696  2.445e-17 -105.509  1.050e+00   68.975
    1   18  -1.400e-01   3.000e-02   0.000e+00  9.931e-01  1.260e-17  -34.697  3.306e-17 -109.042  9.931e-01   67.151
    1   19  -1.400e-01   4.000e-02   0.000e+00  9.174e-01  1.061e-17  -63.688  3.846e-17 -113.799  9.174e-01   64.691
    1   20  -1.400e-01   5.000e-02   0.000e+00  8.280e-01  1.004e-17  -93.330  4.093e-17 -119.441  8.280e-01   61.585
    1   21  -1.400e-01   6.000e-02   0.000e+00  7.308e-01  9.543e-18 -118.218  4.120e-17 -125.388  7.308e-01   57.677
    1   22  -1.400e-01   7.000e-02   0.000e+00  6.329e-01  8.301e-18 -141.218  4.013e-17 -130.884  6.329e-01   52.573
    1   23  -1.400e-01   8.000e-02   0.000e+00  5.428e-01  6.644e-18 -166.983  3.846e-17 -135.259  5.428e-01   45.576
    1   24  -1.400e-01   9.000e-02   0.000e+00  4.695e-01  5.441e-18  164.025  3.672e-17 -138.346  4.695e-01   35.820
    1   25  -1.400e-01   1.000e-01   0.000e+00  4.226e-01  4.965e-18  142.763  3.513e-17 -140.816  4.226e-01   22.915
    1   26  -1.400e-01   1.100e-01   0.000e+00  4.079e-01  4.926e-18  142.262  3.346e-17 -144.121  4.079e-01    7.979
    1   27  -1.400e-01   1.200e-01   0.000e+00  4.217e-01  6.275e-18  158.452  3.112e-17 -150.115  4.217e-01   -6.603
    1   28  -1.400e-01   1.300e-01   0.000e+00  4.499e-01  9.896e-18  167.765  2.766e-17 -161.064  4.499e-01  -19.179
    1   29  -1.400e-01   1.400e-01   0.000e+00  4.738e-01  1.476e-17  166.242  2.356e-17  179.584  4.738e-01  -29.681
    1   30  -1.400e-01   1.500e-01   0.000e+00  4.764e-01  1.939e-17  158.864  2.241e-17  151.893  4.764e-01  -38.820
    2    0  -1.300e-01  -1.500e-01   0.000e+00  4.660e-01  2.308e-17 -164.770  2.465e-17   -2.260  4.660e-01   -9.648
    2    1  -1.300e-01  -1.400e-01   0.000e+00  4.718e-01  1.713e-17 -152.464  2.530e-17   27.019  4.718e-01    0.750
    2    2  -1.300e-01  -1.300e-01   0.000e+00  4.549e-01  1.047e-17 -142.794  2.952e-17   48.763  4.549e-01   12.748
    2    3  -1.300e-01  -1.200e-01   0.000e+00  4.333e-01  4.694e-18 -142.169  3.299e-17   62.595  4.333e-01   26.831
    2    4  -1.300e-01  -1.100e-01   0.000e+00  4.260e-01  2.078e-18  170.938  3.487e-17   71.458  4.260e-01   42.463
    2    5  -1.300e-01  -1.000e-01   0.000e+00  4.460e-01  3.209e-18  151.557  3.554e-17   77.004  4.460e-01   57.634
    2    6  -1.300e-01  -9.000e-02   0.000e+00  4.946e-01  4.555e-18  179.878  3.589e-17   80.409  4.946e-01   70.154
    2    7  -1.300e-01  -8.000e-02   0.000e+00  5.658e-01  6.673e-18 -146.870  3.664e-17   82.885  5.658e-01   79.315
    2    8  -1.300e-01  -7.000e-02   0.000e+00  6.519e-01  9.159e-18 -121.156  3.800e-17   85.513  6.519e-01   85.713
    2    9  -1.300e-01  -6.000e-02   0.000e+00  7.462e-01  1.074e-17  -99.158  3.948e-17   88.775  7.462e-01   90.276
    2   10  -1.300e-01  -5.000e-02   0.000e+00  8.423e-01  1.085e-17  -74.299  4.007e-17   92.485  8.423e-01   93.730
    2   11  -1.300e-01  -4.000e-02   0.000e+00  9.337e-01  1.070e-17  -40.268  3.854e-17   96.145  9.337e-01   96.478
    2   12  -1.300e-01  -3.000e-02   0.000e+00  1.014e+00  1.299e-17   -3.779  3.380e-17   99.299  1.014e+00   98.674
    2   13  -1.300e-01  -2.000e-02   0.000e+00  1.077e+00  1.764e-17   19.514  2.535e-17  101.666  1.077e+00  100.315
    2   14  -1.300e-01  -1.000e-02   0.000e+00  1.117e+00  2.191e-17   30.536  1.364e-17  103.115  1.117e+00  101.340
    2   15  -1.300e-01   0.000e+00   0.000e+00  1.131e+00  2.358e-17   33.737  0.000e+00    0.000  1.131e+00  101.690
    2   16  -1.300e-01   1.000e-02   0.000e+00  1.117e+00  2.191e-17   30.536  1.364e-17  -76.885  1.117e+00  101.340
    2   17  -1.300e-01   2.000e-02   0.000e+00  1.077e+00  1.764e-17   19.514  2.535e-17  -78.334  1.077e+00  100.315
    2   18  -1.300e-01   3.000e-02   0.000e+00  1.014e+00  1.299e-17   -3.779  3.380e-17  -80.701  1.014e+00   98.674
    2   19  -1.300e-01   4.000e-02   0.000e+00  9.337e-01  1.070e-17  -40.268  3.854e-17  -83.855  9.337e-01   96.478
    2   20  -1.300e-01   5.000e-02   0.000e+00  8.423e-01  1.085e-17  -74.299  4.007e-17  -87.515  8.423e-01   93.730
    2   21  -1.300e-01   6.000e-02   0.000e+00  7.462e-01  1.074e-17  -99.158  3.948e-17  -91.225  7.462e-01   90.276
    2   22  -1.300e-01   7.000e-02   0.000e+00  6.519e-01  9.159e-18 -121.156  3.800e-17  -94.487  6.519e-01   85.713
    2   23  -1.300e-01   8.000e-02   0.000e+00  5.658e-01  6.673e-18 -146.870  3.664e-17  -97.115  5.658e-01   79.315
    2   24  -1.300e-01   9.000e-02   0.000e+00  4.946e-01  4.555e-18  179.878  3.589e-17  -99.591  4.946e-01   70.154
    2   25  -1.300e-01   1.000e-01   0.000e+00  4.460e-01  3.209e-18  151.557  3.554e-17 -102.996  4.460e-01   57.634
    2   26  -1.300e-01   1.100e-01   0.000e+00  4.260e-01  2.078e-18  170.938  3.487e-17 -108.542  4.260e-01   42.463
    2   27  -1.300e-01   1.200e-01   0.000e+00  4.333e-01  4.694e-18 -142.169  3.299e-17 -117.405  4.333e-01   26.831
    2   28  -1.300e-01   1.300e-01   0.000e+00  4.549e-01  1.047e-17 -142.794  2.952e-17 -131.237  4.549e-01   12.748
    2   29  -1.300e-01   1.400e-01   0.000e+00  4.718e-01  1.713e-17 -152.464  2.530e-17 -152.981  4.718e-01    0.750
    2   30  -1.300e-01   1.500e-01   0.000e+00  4.660e-01  2.308e-17 -164.770  2.465e-17  177.740  4.660e-01   -9.648
    3    0  -1.200e-01  -1.500e-01   0.000e+00  4.598e-01  2.872e-17 -134.463  2.610e-17   23.499  4.598e-01   20.753
    3    1  -1.200e-01  -1.400e-01   0.000e+00  4.744e-01  2.203e-17 -116.621  2.643e-17   54.386  4.744e-01   31.920
    3    2  -1.200e-01  -1.300e-01   0.000e+00  4.648e-01  1.423e-17  -96.169  3.103e-17   78.200  4.648e-01   44.858
    3    3  -1.200e-01  -1.200e-01   0.000e+00  4.492e-01  7.272e-18  -66.946  3.503e-17   94.487  4.492e-01   59.890
    3    4  -1.200e-01  -1.100e-01   0.000e+00  4.467e-01  3.056e-18   -9.098  3.722e-17  106.019  4.467e-01   76.247
    3    5  -1.200e-01  -1.000e-01   0.000e+00  4.689e-01  2.207e-18   80.141  3.767e-17  114.206  4.689e-01   91.831
    3    6  -1.200e-01  -9.000e-02   0.000e+00  5.166e-01  2.875e-18  166.808  3.718e-17  119.641  5.166e-01  104.572
    3    7  -1.200e-01  -8.000e-02   0.000e+00  5.839e-01  5.839e-18 -138.910  3.673e-17  122.780  5.839e-01  113.844
    3    8  -1.200e-01  -7.000e-02   0.000e+00  6.643e-01  9.441e-18 -110.670  3.702e-17  124.399  6.643e-01  120.214
    3    9  -1.200e-01  -6.000e-02   0.000e+00  7.534e-01  1.159e-17  -89.294  3.799e-17  125.475  7.534e-01  124.595
    3   10  -1.200e-01  -5.000e-02   0.000e+00  8.468e-01  1.120e-17  -65.056  3.871e-17  126.646  8.468e-01  127.747
    3   11  -1.200e-01  -4.000e-02   0.000e+00  9.388e-01  9.799e-18  -25.086  3.771e-17  127.990  9.388e-01  130.142
    3   12  -1.200e-01  -3.000e-02   0.000e+00  1.023e+00  1.269e-17   23.718  3.355e-17  129.291  1.023e+00  131.994
    3   13  -1.200e-01  -2.000e-02   0.000e+00  1.090e+00  1.977e-17   49.394  2.546e-17  130.333  1.090e+00  133.350
    3   14  -1.200e-01  -1.000e-02   0.000e+00  1.135e+00  2.612e-17   59.727  1.380e-17  130.993  1.135e+00  134.187
    3   15  -1.200e-01   0.000e+00   0.000e+00  1.150e+00  2.858e-17   62.564  0.000e+00    0.000  1.150e+00  134.471
    3   16  -1.200e-01   1.000e-02   0.000e+00  1.135e+00  2.612e-17   59.727  1.380e-17  -49.007  1.135e+00  134.187
    3   17  -1.200e-01   2.000e-02   0.000e+00  1.090e+00  1.977e-17   49.394  2.546e-17  -49.667  1.090e+00  133.350
    3   18  -1.200e-01   3.000e-02   0.000e+00  1.023e+00  1.269e-17   23.718  3.355e-17  -50.709  1.023e+00  131.994
    3   19  -1.200e-01   4.000e-02   0.000e+00  9.388e-01  9.799e-18  -25.086  3.771e-17  -52.010  9.388e-01  130.142
    3   20  -1.200e-01   5.000e-02   0.000e+00  8.468e-01  1.120e-17  -65.056  3.871e-17  -53.354  8.468e-01  127.747
    3   21  -1.200e-01   6.000e-02   0.000e+00  7.534e-01  1.159e-17  -89.294  3.799e-17  -54.525  7.534e-01  124.595
    3   22  -1.200e-01   7.000e-02   0.000e+00  6.643e-01  9.441e-18 -110.670  3.702e-17  -55.601  6.643e-01  120.214
    3   23  -1.200e-01   8.000e-02   0.000e+00  5.839e-01  5.839e-18 -138.910  3.673e-17  -57.220  5.839e-01  113.844
    3   24  -1.200e-01   9.000e-02   0.000e+00  5.166e-01  2.875e-18  166.808  3.718e-17  -60.359  5.166e-01  104.572
    3   25  -1.200e-01   1.000e-01   0.000e+00  4.689e-01  2.207e-18   80.141  3.767e-17  -65.794  4.689e-01   91.831
    3   26  -1.200e-01   1.100e-01   0.000e+00  4.467e-01  3.056e-18   -9.098  3.722e-17  -73.981  4.467e-01   76.247
    3   27  -1.200e-01   1.200e-01   0.000e+00  4.492e-01  7.272e-18  -66.946  3.503e-17  -85.513  4.492e-01   59.890
    3   28  -1.200e-01   1.300e-01   0.000e+00  4.648e-01  1.423e-17  -96.169  3.103e-17 -101.800  4.648e-01   44.858
    3   29  -1.200e-01   1.400e-01   0.000e+00  4.744e-01  2.203e-17 -116.621  2.643e-17 -125.614  4.744e-01   31.920
    3   30  -1.200e-01   1.500e-01   0.000e+00  4.598e-01  2.872e-17 -134.463  2.610e-17 -156.501  4.598e-01   20.753
    4    0  -1.100e-01  -1.500e-01   0.000e+00  4.646e-01  3.493e-17 -109.243  2.703e-17   48.778  4.646e-01   50.348
    4    1  -1.100e-01  -1.400e-01   0.000e+00  4.858e-01  2.853e-17  -87.563  2.720e-17   81.131  4.858e-01   62.055
    4    2  -1.100e-01  -1.300e-01   0.000e+00  4.811e-01  2.082e-17  -61.795  3.234e-17  106.552  4.811e-01   75.711
    4    3  -1.100e-01  -1.200e-01   0.000e+00  4.692e-01  1.415e-17  -27.977  3.720e-17  124.649  4.692e-01   91.626
    4    4  -1.100e-01  -1.100e-01   0.000e+00  4.698e-01  1.002e-17   14.130  4.018e-17  138.229  4.698e-01  108.950
    4    5  -1.100e-01  -1.000e-01   0.000e+00  4.951e-01  7.314e-18   57.155  4.103e-17  148.759  4.951e-01  125.466
    4    6  -1.100e-01  -9.000e-02   0.000e+00  5.452e-01  4.301e-18  110.765  4.031e-17  156.632  5.452e-01  139.019
    4    7  -1.100e-01  -8.000e-02   0.000e+00  6.132e-01  4.630e-18 -154.042  3.898e-17  161.702  6.132e-01  148.907
    4    8  -1.100e-01  -7.000e-02   0.000e+00  6.928e-01  9.134e-18 -109.377  3.802e-17  163.893  6.928e-01  155.621
    4    9  -1.100e-01  -6.000e-02   0.000e+00  7.807e-01  1.225e-17  -86.101  3.789e-17  163.797  7.807e-01  160.033
    4   10  -1.100e-01  -5.000e-02   0.000e+00  8.740e-01  1.165e-17  -64.044  3.813e-17  162.609  8.740e-01  162.939
    4   11  -1.100e-01  -4.000e-02   0.000e+00  9.684e-01  8.100e-18  -21.906  3.726e-17  161.342  9.684e-01  164.905
    4   12  -1.100e-01  -3.000e-02   0.000e+00  1.057e+00  1.110e-17   49.341  3.346e-17  160.399  1.057e+00  166.266
    4   13  -1.100e-01  -2.000e-02   0.000e+00  1.130e+00  2.123e-17   76.294  2.563e-17  159.807  1.130e+00  167.183
    4   14  -1.100e-01  -1.000e-02   0.000e+00  1.178e+00  3.001e-17   85.013  1.398e-17  159.492  1.178e+00  167.721
    4   15  -1.100e-01   0.000e+00   0.000e+00  1.195e+00  3.338e-17   87.279  0.000e+00    0.000  1.195e+00  167.899
    4   16  -1.100e-01   1.000e-02   0.000e+00  1.178e+00  3.001e-17   85.013  1.398e-17  -20.508  1.178e+00  167.721
    4   17  -1.100e-01   2.000e-02   0.000e+00  1.130e+00  2.123e-17   76.294  2.563e-17  -20.193  1.130e+00  167.183
    4   18  -1.100e-01   3.000e-02   0.000e+00  1.057e+00  1.110e-17   49.341  3.346e-17  -19.601  1.057e+00  166.266
    4   19  -1.100e-01   4.000e-02   0.000e+00  9.684e-01  8.100e-18  -21.906  3.726e-17  -18.658  9.684e-01  164.905
    4   20  -1.100e-01   5.000e-02   0.000e+00  8.740e-01  1.165e-17  -64.044  3.813e-17  -17.391  8.740e-01  162.939
    4   21  -1.100e-01   6.000e-02   0.000e+00  7.807e-01  1.225e-17  -86.101  3.789e-17  -16.203  7.807e-01  160.033
    4   22  -1.100e-01   7.000e-02   0.000e+00  6.928e-01  9.134e-18 -109.377  3.802e-17  -16.107  6.928e-01  155.621
    4   23  -1.100e-01   8.000e-02   0.000e+00  6.132e-01  4.630e-18 -154.042  3.898e-17  -18.298  6.132e-01  148.907
    4   24  -1.100e-01   9.000e-02   0.000e+00  5.452e-01  4.301e-18  110.765  4.031e-17  -23.368  5.452e-01  139.019
    4   25  -1.100e-01   1.000e-01   0.000e+00  4.951e-01  7.314e-18   57.155  4.103e-17  -31.241  4.951e-01  125.466
    4   26  -1.100e-01   1.100e-01   0.000e+00  4.698e-01  1.002e-17   14.130  4.018e-17  -41.771  4.698e-01  108.950
    4   27  -1.100e-01   1.200e-01   0.000e+00  4.692e-01  1.415e-17  -27.977  3.720e-17  -55.351  4.692e-01   91.626
    4   28  -1.100e-01   1.300e-01   0.000e+00  4.811e-01  2.082e-17  -61.795  3.234e-17  -73.448  4.811e-01   75.711
    4   29  -1.100e-01   1.400e-01   0.000e+00  4.858e-01  2.853e-17  -87.563  2.720e-17  -98.869  4.858e-01   62.055
    4   30  -1.100e-01   1.500e-01   0.000e+00  4.646e-01  3.493e-17 -109.243  2.703e-17 -131.222  4.646e-01   50.348
    5    0  -1.000e-01  -1.500e-01   0.000e+00  4.693e-01  4.078e-17  -87.411  2.728e-17   73.071  4.693e-01   77.703
    5    1  -1.000e-01  -1.400e-01   0.000e+00  4.953e-01  3.560e-17  -63.442  2.739e-17  106.656  4.953e-01   90.094
    5    2  -1.000e-01  -1.300e-01   0.000e+00  4.941e-01  2.883e-17  -35.967  3.302e-17  133.288  4.941e-01  104.635
    5    3  -1.000e-01  -1.200e-01   0.000e+00  4.857e-01  2.274e-17   -3.437  3.871e-17  152.712  4.857e-01  121.707
    5    4  -1.000e-01  -1.100e-01   0.000e+00  4.917e-01  1.841e-17   32.173  4.260e-17  167.877  4.917e-01  140.327
    5    5  -1.000e-01  -1.000e-01   0.000e+00  5.249e-01  1.470e-17   66.992  4.419e-17 -179.592  5.249e-01  157.994
    5    6  -1.000e-01  -9.000e-02   0.000e+00  5.837e-01  1.006e-17  104.442  4.382e-17 -169.307  5.837e-01  172.407
    5    7  -1.000e-01  -8.000e-02   0.000e+00  6.590e-01  6.169e-18  169.553  4.229e-17 -161.746  6.590e-01 -177.108
    5    8  -1.000e-01  -7.000e-02   0.000e+00  7.436e-01  9.088e-18 -118.060  4.050e-17 -157.810  7.436e-01 -170.052
    5    9  -1.000e-01  -6.000e-02   0.000e+00  8.342e-01  1.344e-17  -86.613  3.922e-17 -157.957  8.342e-01 -165.594
    5   10  -1.000e-01  -5.000e-02   0.000e+00  9.295e-01  1.350e-17  -66.752  3.860e-17 -161.234  9.295e-01 -162.948
    5   11  -1.000e-01  -4.000e-02   0.000e+00  1.026e+00  7.554e-18  -38.484  3.745e-17 -165.574  1.026e+00 -161.475
    5   12  -1.000e-01  -3.000e-02   0.000e+00  1.118e+00  7.935e-18   75.811  3.373e-17 -169.365  1.118e+00 -160.709
    5   13  -1.000e-01  -2.000e-02   0.000e+00  1.195e+00  2.159e-17  102.194  2.598e-17 -172.040  1.195e+00 -160.337
    5   14  -1.000e-01  -1.000e-02   0.000e+00  1.246e+00  3.303e-17  108.295  1.423e-17 -173.579  1.246e+00 -160.175
    5   15  -1.000e-01   0.000e+00   0.000e+00  1.264e+00  3.740e-17  109.801  0.000e+00    0.000  1.264e+00 -160.130
    5   16  -1.000e-01   1.000e-02   0.000e+00  1.246e+00  3.303e-17  108.295  1.423e-17    6.421  1.246e+00 -160.175
    5   17  -1.000e-01   2.000e-02   0.000e+00  1.195e+00  2.159e-17  102.194  2.598e-17    7.960  1.195e+00 -160.337
    5   18  -1.000e-01   3.000e-02   0.000e+00  1.118e+00  7.935e-18   75.811  3.373e-17   10.635  1.118e+00 -160.709
    5   19  -1.000e-01   4.000e-02   0.000e+00  1.026e+00  7.554e-18  -38.484  3.745e-17   14.426  1.026e+00 -161.475
    5   20  -1.000e-01   5.000e-02   0.000e+00  9.295e-01  1.350e-17  -66.752  3.860e-17   18.766  9.295e-01 -162.948
    5   21  -1.000e-01   6.000e-02   0.000e+00  8.342e-01  1.344e-17  -86.613  3.922e-17   22.043  8.342e-01 -165.594
    5   22  -1.000e-01   7.000e-02   0.000e+00  7.436e-01  9.088e-18 -118.060  4.050e-17   22.190  7.436e-01 -170.052
    5   23  -1.000e-01   8.000e-02   0.000e+00  6.590e-01  6.169e-18  169.553  4.229e-17   18.254  6.590e-01 -177.108
    5   24  -1.000e-01   9.000e-02   0.000e+00  5.837e-01  1.006e-17  104.442  4.382e-17   10.693  5.837e-01  172.407
    5   25  -1.000e-01   1.000e-01   0.000e+00  5.249e-01  1.470e-17   66.992  4.419e-17    0.408  5.249e-01  157.994
    5   26  -1.000e-01   1.100e-01   0.000e+00  4.917e-01  1.841e-17   32.173  4.260e-17  -12.123  4.917e-01  140.327
    5   27  -1.000e-01   1.200e-01   0.000e+00  4.857e-01  2.274e-17   -3.437  3.871e-17  -27.288  4.857e-01  121.707
    5   28  -1.000e-01   1.300e-01   0.000e+00  4.941e-01  2.883e-17  -35.967  3.302e-17  -46.712  4.941e-01  104.635
    5   29  -1.000e-01   1.400e-01   0.000e+00  4.953e-01  3.560e-17  -63.442  2.739e-17  -73.344  4.953e-01   90.094
    5   30  -1.000e-01   1.500e-01   0.000e+00  4.693e-01  4.078e-17  -87.411  2.728e-17 -106.929  4.693e-01   77.703
    6    0  -9.000e-02  -1.500e-01   0.000e+00  4.607e-01  4.562e-17  -68.086  2.652e-17   96.477  4.607e-01  103.213
    6    1  -9.000e-02  -1.400e-01   0.000e+00  4.912e-01  4.233e-17  -42.798  2.658e-17  131.106  4.912e-01  116.531
    6    2  -9.000e-02  -1.300e-01   0.000e+00  4.943e-01  3.702e-17  -14.959  3.246e-17  158.750  4.943e-01  132.195
    6    3  -9.000e-02  -1.200e-01   0.000e+00  4.920e-01  3.175e-17   16.180  3.872e-17  179.312  4.920e-01  150.613
    6    4  -9.000e-02  -1.100e-01   0.000e+00  5.075e-01  2.754e-17   48.944  4.343e-17 -164.085  5.075e-01  170.520
    6    5  -9.000e-02  -1.000e-01   0.000e+00  5.531e-01  2.345e-17   80.927  4.598e-17 -149.654  5.531e-01 -170.928
    6    6  -9.000e-02  -9.000e-02   0.000e+00  6.240e-01  1.799e-17  113.629  4.658e-17 -136.986  6.240e-01 -156.003
    6    7  -9.000e-02  -8.000e-02   0.000e+00  7.089e-01  1.178e-17  158.368  4.572e-17 -126.777  7.089e-01 -145.166
    6    8  -9.000e-02  -7.000e-02   0.000e+00  7.992e-01  1.073e-17 -131.590  4.387e-17 -120.549  7.992e-01 -137.861
    6    9  -9.000e-02  -6.000e-02   0.000e+00  8.918e-01  1.581e-17  -86.452  4.156e-17 -120.002  8.918e-01 -133.338
    6   10  -9.000e-02  -5.000e-02   0.000e+00  9.867e-01  1.780e-17  -65.339  3.946e-17 -125.424  9.867e-01 -130.902
    6   11  -9.000e-02  -4.000e-02   0.000e+00  1.082e+00  1.132e-17  -54.641  3.737e-17 -133.854  1.082e+00 -129.909
    6   12  -9.000e-02  -3.000e-02   0.000e+00  1.172e+00  3.330e-18  118.081  3.337e-17 -141.526  1.172e+00 -129.760
    6   13  -9.000e-02  -2.000e-02   0.000e+00  1.247e+00  2.104e-17  128.395  2.569e-17 -146.926  1.247e+00 -129.970
    6   14  -9.000e-02  -1.000e-02   0.000e+00  1.298e+00  3.532e-17  130.189  1.408e-17 -149.997  1.298e+00 -130.213
    6   15  -9.000e-02   0.000e+00   0.000e+00  1.315e+00  4.077e-17  130.667  0.000e+00    0.000  1.315e+00 -130.312
    6   16  -9.000e-02   1.000e-02   0.000e+00  1.298e+00  3.532e-17  130.189  1.408e-17   30.003  1.298e+00 -130.213
    6   17  -9.000e-02   2.000e-02   0.000e+00  1.247e+00  2.104e-17  128.395  2.569e-17   33.074  1.247e+00 -129.970
    6   18  -9.000e-02   3.000e-02   0.000e+00  1.172e+00  3.330e-18  118.081  3.337e-17   38.474  1.172e+00 -129.760
    6   19  -9.000e-02   4.000e-02   0.000e+00  1.082e+00  1.132e-17  -54.641  3.737e-17   46.146  1.082e+00 -129.909
    6   20  -9.000e-02   5.000e-02   0.000e+00  9.867e-01  1.780e-17  -65.339  3.946e-17   54.576  9.867e-01 -130.902
    6   21  -9.000e-02   6.000e-02   0.000e+00  8.918e-01  1.581e-17  -86.452  4.156e-17   59.998  8.918e-01 -133.338
    6   22  -9.000e-02   7.000e-02   0.000e+00  7.992e-01  1.073e-17 -131.590  4.387e-17   59.451  7.992e-01 -137.861
    6   23  -9.000e-02   8.000e-02   0.000e+00  7.089e-01  1.178e-17  158.368  4.572e-17   53.223  7.089e-01 -145.166
    6   24  -9.000e-02   9.000e-02   0.000e+00  6.240e-01  1.799e-17  113.629  4.658e-17   43.014  6.240e-01 -156.003
    6   25  -9.000e-02   1.000e-01   0.000e+00  5.531e-01  2.345e-17   80.927  4.598e-17   30.346  5.531e-01 -170.928
    6   26  -9.000e-02   1.100e-01   0.000e+00  5.075e-01  2.754e-17   48.944  4.343e-17   15.915  5.075e-01  170.520
    6   27  -9.000e-02   1.200e-01   0.000e+00  4.920e-01  3.175e-17   16.180  3.872e-17   -0.688  4.920e-01  150.613
    6   28  -9.000e-02   1.300e-01   0.000e+00  4.943e-01  3.702e-17  -14.959  3.246e-17  -21.250  4.943e-01  132.195
    6   29  -9.000e-02   1.400e-01   0.000e+00  4.912e-01  4.233e-17  -42.798  2.658e-17  -48.894  4.912e-01  116.531
    6   30  -9.000e-02   1.500e-01   0.000e+00  4.607e-01  4.562e-17  -68.086  2.652e-17  -83.523  4.607e-01  103.213
    7    0  -8.000e-02  -1.500e-01   0.000e+00  4.353e-01  4.889e-17  -50.931  2.460e-17  119.780  4.353e-01  128.168
    7    1  -8.000e-02  -1.400e-01   0.000e+00  4.706e-01  4.779e-17  -24.816  2.462e-17  155.344  4.706e-01  142.509
    7    2  -8.000e-02  -1.300e-01   0.000e+00  4.800e-01  4.424e-17    3.056  3.041e-17 -176.086  4.800e-01  159.339
    7    3  -8.000e-02  -1.200e-01   0.000e+00  4.867e-01  4.012e-17   33.388  3.691e-17 -154.445  4.867e-01  178.989
    7    4  -8.000e-02  -1.100e-01   0.000e+00  5.141e-01  3.659e-17   64.930  4.233e-17 -136.454  5.141e-01 -160.169
    7    5  -8.000e-02  -1.000e-01   0.000e+00  5.722e-01  3.295e-17   95.717  4.610e-17 -120.211  5.722e-01 -141.162
    7    6  -8.000e-02  -9.000e-02   0.000e+00  6.538e-01  2.755e-17  126.174  4.841e-17 -105.325  6.538e-01 -125.988
    7    7  -8.000e-02  -8.000e-02   0.000e+00  7.456e-01  2.006e-17  162.302  4.941e-17  -92.627  7.456e-01 -114.850
    7    8  -8.000e-02  -7.000e-02   0.000e+00  8.385e-01  1.490e-17 -140.325  4.873e-17  -83.908  8.385e-01 -107.182
    7    9  -8.000e-02  -6.000e-02   0.000e+00  9.292e-01  1.948e-17  -82.820  4.569e-17  -81.773  9.292e-01 -102.396
    7   10  -8.000e-02  -5.000e-02   0.000e+00  1.018e+00  2.517e-17  -56.365  4.072e-17  -89.073  1.018e+00  -99.992
    7   11  -8.000e-02  -4.000e-02   0.000e+00  1.105e+00  1.943e-17  -52.341  3.593e-17 -103.132  1.105e+00  -99.404
    7   12  -8.000e-02  -3.000e-02   0.000e+00  1.185e+00  4.480e-18 -104.044  3.095e-17 -116.321  1.185e+00  -99.853
    7   13  -8.000e-02  -2.000e-02   0.000e+00  1.250e+00  2.011e-17  155.059  2.355e-17 -125.395  1.250e+00 -100.644
    7   14  -8.000e-02  -1.000e-02   0.000e+00  1.293e+00  3.725e-17  150.014  1.286e-17 -130.399  1.293e+00 -101.295
    7   15  -8.000e-02   0.000e+00   0.000e+00  1.308e+00  4.382e-17  149.173  0.000e+00    0.000  1.308e+00 -101.540
    7   16  -8.000e-02   1.000e-02   0.000e+00  1.293e+00  3.725e-17  150.014  1.286e-17   49.601  1.293e+00 -101.295
    7   17  -8.000e-02   2.000e-02   0.000e+00  1.250e+00  2.011e-17  155.059  2.355e-17   54.605  1.250e+00 -100.644
    7   18  -8.000e-02   3.000e-02   0.000e+00  1.185e+00  4.480e-18 -104.044  3.095e-17   63.679  1.185e+00  -99.853
    7   19  -8.000e-02   4.000e-02   0.000e+00  1.105e+00  1.943e-17  -52.341  3.593e-17   76.868  1.105e+00  -99.404
    7   20  -8.000e-02   5.000e-02   0.000e+00  1.018e+00  2.517e-17  -56.365  4.072e-17   90.927  1.018e+00  -99.992
    7   21  -8.000e-02   6.000e-02   0.000e+00  9.292e-01  1.948e-17  -82.820  4.569e-17   98.227  9.292e-01 -102.396
    7   22  -8.000e-02   7.000e-02   0.000e+00  8.385e-01  1.490e-17 -140.325  4.873e-17   96.092  8.385e-01 -107.182
    7   23  -8.000e-02   8.000e-02   0.000e+00  7.456e-01  2.006e-17  162.302  4.941e-17   87.373  7.456e-01 -114.850
    7   24  -8.000e-02   9.000e-02   0.000e+00  6.538e-01  2.755e-17  126.174  4.841e-17   74.675  6.538e-01 -125.988
    7   25  -8.000e-02   1.000e-01   0.000e+00  5.722e-01  3.295e-17   95.717  4.610e-17   59.789  5.722e-01 -141.162
    7   26  -8.000e-02   1.100e-01   0.000e+00  5.141e-01  3.659e-17   64.930  4.233e-17   43.546  5.141e-01 -160.169
    7   27  -8.000e-02   1.200e-01   0.000e+00  4.867e-01  4.012e-17   33.388  3.691e-17   25.555  4.867e-01  178.989
    7   28  -8.000e-02   1.300e-01   0.000e+00  4.800e-01  4.424e-17    3.056  3.041e-17    3.914  4.800e-01  159.339
    7   29  -8.000e-02   1.400e-01   0.000e+00  4.706e-01  4.779e-17  -24.816  2.462e-17  -24.656  4.706e-01  142.509
    7   30  -8.000e-02   1.500e-01   0.000e+00  4.353e-01  4.889e-17  -50.931  2.460e-17  -60.220  4.353e-01  128.168
    8    0  -7.000e-02  -1.500e-01   0.000e+00  3.998e-01  5.004e-17  -35.820  2.179e-17  144.275  3.998e-01  153.674
    8    1  -7.000e-02  -1.400e-01   0.000e+00  4.395e-01  5.114e-17   -9.041  2.179e-17 -179.368  4.395e-01  168.899
    8    2  -7.000e-02  -1.300e-01   0.000e+00  4.559e-01  4.947e-17   18.923  2.721e-17 -150.011  4.559e-01 -173.326
    8    3  -7.000e-02  -1.200e-01   0.000e+00  4.718e-01  4.683e-17   48.990  3.364e-17 -127.460  4.718e-01 -152.813
    8    4  -7.000e-02  -1.100e-01   0.000e+00  5.095e-01  4.464e-17   80.137  3.957e-17 -108.343  5.095e-01 -131.461
    8    5  -7.000e-02  -1.000e-01   0.000e+00  5.765e-01  4.244e-17  110.391  4.472e-17  -90.732  5.765e-01 -112.237
    8    6  -7.000e-02  -9.000e-02   0.000e+00  6.643e-01  3.828e-17  139.437  4.936e-17  -74.312  6.643e-01  -96.795
    8    7  -7.000e-02  -8.000e-02   0.000e+00  7.595e-01  3.070e-17  170.733  5.355e-17  -59.944  7.595e-01  -85.158
    8    8  -7.000e-02  -7.000e-02   0.000e+00  8.526e-01  2.191e-17 -143.382  5.617e-17  -49.218  8.526e-01  -76.824
    8    9  -7.000e-02  -6.000e-02   0.000e+00  9.392e-01  2.412e-17  -77.220  5.415e-17  -44.617  9.392e-01  -71.407
    8   10  -7.000e-02  -5.000e-02   0.000e+00  1.018e+00  3.782e-17  -40.885  4.378e-17  -52.126  1.018e+00  -68.692
    8   11  -7.000e-02  -4.000e-02   0.000e+00  1.088e+00  3.145e-17  -41.831  3.232e-17  -72.919  1.088e+00  -68.387
    8   12  -7.000e-02  -3.000e-02   0.000e+00  1.147e+00  1.239e-17  -71.126  2.523e-17  -93.643  1.147e+00  -69.315
    8   13  -7.000e-02  -2.000e-02   0.000e+00  1.192e+00  1.939e-17 -179.531  1.859e-17 -107.636  1.192e+00  -70.553
    8   14  -7.000e-02  -1.000e-02   0.000e+00  1.220e+00  3.890e-17  166.216  1.007e-17 -115.032  1.220e+00  -71.512
    8   15  -7.000e-02   0.000e+00   0.000e+00  1.230e+00  4.653e-17  163.926  0.000e+00    0.000  1.230e+00  -71.866
    8   16  -7.000e-02   1.000e-02   0.000e+00  1.220e+00  3.890e-17  166.216  1.007e-17   64.968  1.220e+00  -71.512
    8   17  -7.000e-02   2.000e-02   0.000e+00  1.192e+00  1.939e-17 -179.531  1.859e-17   72.364  1.192e+00  -70.553
    8   18  -7.000e-02   3.000e-02   0.000e+00  1.147e+00  1.239e-17  -71.126  2.523e-17   86.357  1.147e+00  -69.315
    8   19  -7.000e-02   4.000e-02   0.000e+00  1.088e+00  3.145e-17  -41.831  3.232e-17  107.081  1.088e+00  -68.387
    8   20  -7.000e-02   5.000e-02   0.000e+00  1.018e+00  3.782e-17  -40.885  4.378e-17  127.874  1.018e+00  -68.692
    8   21  -7.000e-02   6.000e-02   0.000e+00  9.392e-01  2.412e-17  -77.220  5.415e-17  135.383  9.392e-01  -71.407
    8   22  -7.000e-02   7.000e-02   0.000e+00  8.526e-01  2.191e-17 -143.382  5.617e-17  130.782  8.526e-01  -76.824
    8   23  -7.000e-02   8.000e-02   0.000e+00  7.595e-01  3.070e-17  170.733  5.355e-17  120.056  7.595e-01  -85.158
    8   24  -7.000e-02   9.000e-02   0.000e+00  6.643e-01  3.828e-17  139.437  4.936e-17  105.688  6.643e-01  -96.795
    8   25  -7.000e-02   1.000e-01   0.000e+00  5.765e-01  4.244e-17  110.391  4.472e-17   89.268  5.765e-01 -112.237
    8   26  -7.000e-02   1.100e-01   0.000e+00  5.095e-01  4.464e-17   80.137  3.957e-17   71.657  5.095e-01 -131.461
    8   27  -7.000e-02   1.200e-01   0.000e+00  4.718e-01  4.683e-17   48.990  3.364e-17   52.540  4.718e-01 -152.813
    8   28  -7.000e-02   1.300e-01   0.000e+00  4.559e-01  4.947e-17   18.923  2.721e-17   29.989  4.559e-01 -173.326
    8   29  -7.000e-02   1.400e-01   0.000e+00  4.395e-01  5.114e-17   -9.041  2.179e-17    0.632  4.395e-01  168.899
    8   30  -7.000e-02   1.500e-01   0.000e+00  3.998e-01  5.004e-17  -35.820  2.179e-17  -35.725  3.998e-01  153.674
    9    0  -6.000e-02  -1.500e-01   0.000e+00  3.638e-01  4.870e-17  -22.708  1.884e-17  171.457  3.638e-01 -179.966
    9    1  -6.000e-02  -1.400e-01   0.000e+00  4.060e-01  5.170e-17    4.770  1.880e-17 -151.735  4.060e-01 -164.122
    9    2  -6.000e-02  -1.300e-01   0.000e+00  4.272e-01  5.185e-17   33.002  2.364e-17 -121.863  4.272e-01 -145.723
    9    3  -6.000e-02  -1.200e-01   0.000e+00  4.492e-01  5.091e-17   63.189  2.961e-17  -98.748  4.492e-01 -124.688
    9    4  -6.000e-02  -1.100e-01   0.000e+00  4.925e-01  5.061e-17   94.366  3.563e-17  -79.062  4.925e-01 -103.020
    9    5  -6.000e-02  -1.000e-01   0.000e+00  5.633e-01  5.077e-17  124.358  4.169e-17  -60.952  5.633e-01  -83.525
    9    6  -6.000e-02  -9.000e-02   0.000e+00  6.533e-01  4.923e-17  152.320  4.841e-17  -44.197  6.533e-01  -67.610
    9    7  -6.000e-02  -8.000e-02   0.000e+00  7.503e-01  4.357e-17 -179.895  5.640e-17  -29.621  7.503e-01  -55.218
    9    8  -6.000e-02  -7.000e-02   0.000e+00  8.448e-01  3.309e-17 -144.792  6.524e-17  -18.463  8.448e-01  -45.901
    9    9  -6.000e-02  -6.000e-02   0.000e+00  9.303e-01  2.833e-17  -78.157  7.060e-17  -12.223  9.303e-01  -39.391
    9   10  -6.000e-02  -5.000e-02   0.000e+00  1.000e+00  6.501e-17  -21.549  5.061e-17  -17.343  1.000e+00  -35.729
    9   11  -6.000e-02  -4.000e-02   0.000e+00  1.046e+00  4.665e-17  -30.732  2.398e-17  -44.349  1.046e+00  -35.592
    9   12  -6.000e-02  -3.000e-02   0.000e+00  1.075e+00  2.038e-17  -55.640  1.507e-17  -74.296  1.075e+00  -36.564
    9   13  -6.000e-02  -2.000e-02   0.000e+00  1.092e+00  1.913e-17 -159.813  1.046e-17  -94.495  1.092e+00  -37.714
    9   14  -6.000e-02  -1.000e-02   0.000e+00  1.102e+00  4.005e-17  176.979  5.598e-18 -104.565  1.102e+00  -38.569
    9   15  -6.000e-02   0.000e+00   0.000e+00  1.105e+00  4.847e-17  173.486  0.000e+00    0.000  1.105e+00  -38.881
    9   16  -6.000e-02   1.000e-02   0.000e+00  1.102e+00  4.005e-17  176.979  5.598e-18   75.435  1.102e+00  -38.569
    9   17  -6.000e-02   2.000e-02   0.000e+00  1.092e+00  1.913e-17 -159.813  1.046e-17   85.505  1.092e+00  -37.714
    9   18  -6.000e-02   3.000e-02   0.000e+00  1.075e+00  2.038e-17  -55.640  1.507e-17  105.704  1.075e+00  -36.564
    9   19  -6.000e-02   4.000e-02   0.000e+00  1.046e+00  4.665e-17  -30.732  2.398e-17  135.651  1.046e+00  -35.592
    9   20  -6.000e-02   5.000e-02   0.000e+00  1.000e+00  6.501e-17  -21.549  5.061e-17  162.657  1.000e+00  -35.729
    9   21  -6.000e-02   6.000e-02   0.000e+00  9.303e-01  2.833e-17  -78.157  7.060e-17  167.777  9.303e-01  -39.391
    9   22  -6.000e-02   7.000e-02   0.000e+00  8.448e-01  3.309e-17 -144.792  6.524e-17  161.537  8.448e-01  -45.901
    9   23  -6.000e-02   8.000e-02   0.000e+00  7.503e-01  4.357e-17 -179.895  5.640e-17  150.379  7.503e-01  -55.218
    9   24  -6.000e-02   9.000e-02   0.000e+00  6.533e-01  4.923e-17  152.320  4.841e-17  135.803  6.533e-01  -67.610
    9   25  -6.000e-02   1.000e-01   0.000e+00  5.633e-01  5.077e-17  124.358  4.169e-17  119.048  5.633e-01  -83.525
    9   26  -6.000e-02   1.100e-01   0.000e+00  4.925e-01  5.061e-17   94.366  3.563e-17  100.938  4.925e-01 -103.020
    9   27  -6.000e-02   1.200e-01   0.000e+00  4.492e-01  5.091e-17   63.189  2.961e-17   81.252  4.492e-01 -124.688
    9   28  -6.000e-02   1.300e-01   0.000e+00  4.272e-01  5.185e-17   33.002  2.364e-17   58.137  4.272e-01 -145.723
    9   29  -6.000e-02   1.400e-01   0.000e+00  4.060e-01  5.170e-17    4.770  1.880e-17   28.265  4.060e-01 -164.122
    9   30  -6.000e-02   1.500e-01   0.000e+00  3.638e-01  4.870e-17  -22.708  1.884e-17   -8.543  3.638e-01 -179.966
   10    0  -5.000e-02  -1.500e-01   0.000e+00  3.334e-01  4.475e-17  -11.615  1.677e-17 -158.258  3.334e-01 -153.332
   10    1  -5.000e-02  -1.400e-01   0.000e+00  3.746e-01  4.909e-17   16.704  1.656e-17 -121.456  3.746e-01 -136.909
   10    2  -5.000e-02  -1.300e-01   0.000e+00  3.966e-01  5.076e-17   45.390  2.067e-17  -91.092  3.966e-01 -117.961
   10    3  -5.000e-02  -1.200e-01   0.000e+00  4.200e-01  5.148e-17   75.937  2.585e-17  -67.437  4.200e-01  -96.406
   10    4  -5.000e-02  -1.100e-01   0.000e+00  4.640e-01  5.322e-17  107.340  3.121e-17  -47.429  4.640e-01  -74.266
   10    5  -5.000e-02  -1.000e-01   0.000e+00  5.344e-01  5.612e-17  137.186  3.690e-17  -29.358  5.344e-01  -54.257
   10    6  -5.000e-02  -9.000e-02   0.000e+00  6.242e-01  5.823e-17  164.242  4.380e-17  -13.147  6.242e-01  -37.671
   10    7  -5.000e-02  -8.000e-02   0.000e+00  7.228e-01  5.703e-17 -170.896  5.352e-17    0.173  7.228e-01  -24.392
   10    8  -5.000e-02  -7.000e-02   0.000e+00  8.217e-01  5.065e-17 -146.476  6.945e-17    8.938  8.217e-01  -13.945
   10    9  -5.000e-02  -6.000e-02   0.000e+00  9.154e-01  3.801e-17 -117.903  1.022e-16   11.189  9.154e-01   -5.971
   10   10  -5.000e-02  -5.000e-02   0.000e+00  1.000e+00  2.357e-17  -59.194  6.244e-17   10.912  1.000e+00   -0.125
   10   11  -5.000e-02  -4.000e-02   0.000e+00  1.000e+00  2.204e-17 -101.727  0.000e+00    0.000  1.000e+00   -0.125
   10   12  -5.000e-02  -3.000e-02   0.000e+00  1.000e+00  2.845e-17 -138.961  0.000e+00    0.000  1.000e+00   -0.125
   10   13  -5.000e-02  -2.000e-02   0.000e+00  1.000e+00  4.007e-17 -159.734  0.000e+00    0.000  1.000e+00   -0.125
   10   14  -5.000e-02  -1.000e-02   0.000e+00  1.000e+00  5.030e-17 -168.907  0.000e+00    0.000  1.000e+00   -0.125
   10   15  -5.000e-02   0.000e+00   0.000e+00  1.000e+00  5.429e-17 -171.491  0.000e+00    0.000  1.000e+00   -0.125
   10   16  -5.000e-02   1.000e-02   0.000e+00  1.000e+00  5.030e-17 -168.907  0.000e+00    0.000  1.000e+00   -0.125
   10   17  -5.000e-02   2.000e-02   0.000e+00  1.000e+00  4.007e-17 -159.734  0.000e+00    0.000  1.000e+00   -0.125
   10   18  -5.000e-02   3.000e-02   0.000e+00  1.000e+00  2.845e-17 -138.961  0.000e+00    0.000  1.000e+00   -0.125
   10   19  -5.000e-02   4.000e-02   0.000e+00  1.000e+00  2.204e-17 -101.727  0.000e+00    0.000  1.000e+00   -0.125
   10   20  -5.000e-02   5.000e-02   0.000e+00  1.000e+00  2.357e-17  -59.194  6.244e-17 -169.088  1.000e+00   -0.125
   10   21  -5.000e-02   6.000e-02   0.000e+00  9.154e-01  3.801e-17 -117.903  1.022e-16 -168.811  9.154e-01   -5.971
   10   22  -5.000e-02   7.000e-02   0.000e+00  8.217e-01  5.065e-17 -146.476  6.945e-17 -171.062  8.217e-01  -13.945
   10   23  -5.000e-02   8.000e-02   0.000e+00  7.228e-01  5.703e-17 -170.896  5.352e-17 -179.827  7.228e-01  -24.392
   10   24  -5.000e-02   9.000e-02   0.000e+00  6.242e-01  5.823e-17  164.242  4.380e-17  166.853  6.242e-01  -37.671
   10   25  -5.000e-02   1.000e-01   0.000e+00  5.344e-01  5.612e-17  137.186  3.690e-17  150.642  5.344e-01  -54.257
   10   26  -5.000e-02   1.100e-01   0.000e+00  4.640e-01  5.322e-17  107.340  3.121e-17  132.571  4.640e-01  -74.266
   10   27  -5.000e-02   1.200e-01   0.000e+00  4.200e-01  5.148e-17   75.937  2.585e-17  112.563  4.200e-01  -96.406
   10   28  -5.000e-02   1.300e-01   0.000e+00  3.966e-01  5.076e-17   45.390  2.067e-17   88.908  3.966e-01 -117.961
   10   29  -5.000e-02   1.400e-01   0.000e+00  3.746e-01  4.909e-17   16.704  1.656e-17   58.544  3.746e-01 -136.909
   10   30  -5.000e-02   1.500e-01   0.000e+00  3.334e-01  4.475e-17  -11.615  1.677e-17   21.742  3.334e-01 -153.332
   11    0  -4.000e-02  -1.500e-01   0.000e+00  3.086e-01  3.841e-17   -2.652  1.630e-17 -128.054  3.086e-01 -127.245
   11    1  -4.000e-02  -1.400e-01   0.000e+00  3.461e-01  4.331e-17   26.745  1.568e-17  -91.109  3.461e-01 -109.782
   11    2  -4.000e-02  -1.300e-01   0.000e+00  3.658e-01  4.597e-17   56.074  1.920e-17  -59.381  3.658e-01  -89.894
   11    3  -4.000e-02  -1.200e-01   0.000e+00  3.875e-01  4.790e-17   87.140  2.363e-17  -34.047  3.875e-01  -67.406
   11    4  -4.000e-02  -1.100e-01   0.000e+00  4.297e-01  5.116e-17  118.902  2.802e-17  -12.386  4.297e-01  -44.392
   11    5  -4.000e-02  -1.000e-01   0.000e+00  4.979e-01  5.618e-17  148.759  3.231e-17    7.311  4.979e-01  -23.606
   11    6  -4.000e-02  -9.000e-02   0.000e+00  5.862e-01  6.137e-17  175.250  3.704e-17   25.119  5.862e-01   -6.264
   11    7  -4.000e-02  -8.000e-02   0.000e+00  6.855e-01  6.468e-17 -161.685  4.295e-17   40.043  6.855e-01    7.854
   11    8  -4.000e-02  -7.000e-02   0.000e+00  7.895e-01  6.458e-17 -142.545  5.087e-17   51.131  7.895e-01   19.310
   11    9  -4.000e-02  -6.000e-02   0.000e+00  8.948e-01  6.031e-17 -131.353  6.204e-17   59.655  8.948e-01   28.539
   11   10  -4.000e-02  -5.000e-02   0.000e+00  1.000e+00  5.823e-17 -144.100  3.441e-17   63.175  1.000e+00   35.900
   11   11  -4.000e-02  -4.000e-02   0.000e+00  1.000e+00  5.823e-17 -144.100  0.000e+00    0.000  1.000e+00   35.900
   11   12  -4.000e-02  -3.000e-02   0.000e+00  1.000e+00  5.823e-17 -144.100  0.000e+00    0.000  1.000e+00   35.900
   11   13  -4.000e-02  -2.000e-02   0.000e+00  1.000e+00  5.823e-17 -144.100  0.000e+00    0.000  1.000e+00   35.900
   11   14  -4.000e-02  -1.000e-02   0.000e+00  1.000e+00  5.823e-17 -144.100  0.000e+00    0.000  1.000e+00   35.900
   11   15  -4.000e-02   0.000e+00   0.000e+00  1.000e+00  5.823e-17 -144.100  0.000e+00    0.000  1.000e+00   35.900
   11   16  -4.000e-02   1.000e-02   0.000e+00  1.000e+00  5.823e-17 -144.100  0.000e+00    0.000  1.000e+00   35.900
   11   17  -4.000e-02   2.000e-02   0.000e+00  1.000e+00  5.823e-17 -144.100  0.000e+00    0.000  1.000e+00   35.900
   11   18  -4.000e-02   3.000e-02   0.000e+00  1.000e+00  5.823e-17 -144.100  0.000e+00    0.000  1.000e+00   35.900
   11   19  -4.000e-02   4.000e-02   0.000e+00  1.000e+00  5.823e-17 -144.100  0.000e+00    0.000  1.000e+00   35.900
   11   20  -4.000e-02   5.000e-02   0.000e+00  1.000e+00  5.823e-17 -144.100  3.441e-17 -116.825  1.000e+00   35.900
   11   21  -4.000e-02   6.000e-02   0.000e+00  8.948e-01  6.031e-17 -131.353  6.204e-17 -120.345  8.948e-01   28.539
   11   22  -4.000e-02   7.000e-02   0.000e+00  7.895e-01  6.458e-17 -142.545  5.087e-17 -128.869  7.895e-01   19.310
   11   23  -4.000e-02   8.000e-02   0.000e+00  6.855e-01  6.468e-17 -161.685  4.295e-17 -139.957  6.855e-01    7.854
   11   24  -4.000e-02   9.000e-02   0.000e+00  5.862e-01  6.137e-17  175.250  3.704e-17 -154.881  5.862e-01   -6.264
   11   25  -4.000e-02   1.000e-01   0.000e+00  4.979e-01  5.618e-17  148.759  3.231e-17 -172.689  4.979e-01  -23.606
   11   26  -4.000e-02   1.100e-01   0.000e+00  4.297e-01  5.116e-17  118.902  2.802e-17  167.614  4.297e-01  -44.392
   11   27  -4.000e-02   1.200e-01   0.000e+00  3.875e-01  4.790e-17   87.140  2.363e-17  145.953  3.875e-01  -67.406
   11   28  -4.000e-02   1.300e-01   0.000e+00  3.658e-01  4.597e-17   56.074  1.920e-17  120.619  3.658e-01  -89.894
   11   29  -4.000e-02   1.400e-01   0.000e+00  3.461e-01  4.331e-17   26.745  1.568e-17   88.891  3.461e-01 -109.782
   11   30  -4.000e-02   1.500e-01   0.000e+00  3.086e-01  3.841e-17   -2.652  1.630e-17   51.946  3.086e-01 -127.245
   12    0  -3.000e-02  -1.500e-01   0.000e+00  2.884e-01  3.019e-17    3.926  1.703e-17 -103.353  2.884e-01 -102.142
   12    1  -3.000e-02  -1.400e-01   0.000e+00  3.224e-01  3.478e-17   34.836  1.590e-17  -65.543  3.224e-01  -82.831
   12    2  -3.000e-02  -1.300e-01   0.000e+00  3.399e-01  3.769e-17   65.092  1.925e-17  -31.492  3.399e-01  -61.310
   12    3  -3.000e-02  -1.200e-01   0.000e+00  3.603e-01  4.008e-17   96.899  2.364e-17   -3.252  3.603e-01  -37.301
   12    4  -3.000e-02  -1.100e-01   0.000e+00  4.014e-01  4.377e-17  129.319  2.803e-17   21.811  4.014e-01  -13.022
   12    5  -3.000e-02  -1.000e-01   0.000e+00  4.680e-01  4.935e-17  159.684  3.240e-17   45.770  4.680e-01    8.705
   12    6  -3.000e-02  -9.000e-02   0.000e+00  5.543e-01  5.562e-17 -173.517  3.747e-17   68.946  5.543e-01   26.809
   12    7  -3.000e-02  -8.000e-02   0.000e+00  6.532e-01  6.085e-17 -150.311  4.423e-17   90.415  6.532e-01   41.658
   12    8  -3.000e-02  -7.000e-02   0.000e+00  7.610e-01  6.361e-17 -130.774  5.393e-17  109.080  7.610e-01   53.879
   12    9  -3.000e-02  -6.000e-02   0.000e+00  8.767e-01  6.276e-17 -116.071  6.911e-17  124.395  8.767e-01   63.890
   12   10  -3.000e-02  -5.000e-02   0.000e+00  1.000e+00  5.823e-17 -108.075  3.948e-17  130.254  1.000e+00   71.925
   12   11  -3.000e-02  -4.000e-02   0.000e+00  1.000e+00  5.823e-17 -108.075  0.000e+00    0.000  1.000e+00   71.925
   12   12  -3.000e-02  -3.000e-02   0.000e+00  1.000e+00  5.823e-17 -108.075  0.000e+00    0.000  1.000e+00   71.925
   12   13  -3.000e-02  -2.000e-02   0.000e+00  1.000e+00  5.823e-17 -108.075  0.000e+00    0.000  1.000e+00   71.925
   12   14  -3.000e-02  -1.000e-02   0.000e+00  1.000e+00  5.823e-17 -108.075  0.000e+00    0.000  1.000e+00   71.925
   12   15  -3.000e-02   0.000e+00   0.000e+00  1.000e+00  5.823e-17 -108.075  0.000e+00    0.000  1.000e+00   71.925
   12   16  -3.000e-02   1.000e-02   0.000e+00  1.000e+00  5.823e-17 -108.075  0.000e+00    0.000  1.000e+00   71.925
   12   17  -3.000e-02   2.000e-02   0.000e+00  1.000e+00  5.823e-17 -108.075  0.000e+00    0.000  1.000e+00   71.925
   12   18  -3.000e-02   3.000e-02   0.000e+00  1.000e+00  5.823e-17 -108.075  0.000e+00    0.000  1.000e+00   71.925
   12   19  -3.000e-02   4.000e-02   0.000e+00  1.000e+00  5.823e-17 -108.075  0.000e+00    0.000  1.000e+00   71.925
   12   20  -3.000e-02   5.000e-02   0.000e+00  1.000e+00  5.823e-17 -108.075  3.948e-17  -49.746  1.000e+00   71.925
   12   21  -3.000e-02   6.000e-02   0.000e+00  8.767e-01  6.276e-17 -116.071  6.911e-17  -55.605  8.767e-01   63.890
   12   22  -3.000e-02   7.000e-02   0.000e+00  7.610e-01  6.361e-17 -130.774  5.393e-17  -70.920  7.610e-01   53.879
   12   23  -3.000e-02   8.000e-02   0.000e+00  6.532e-01  6.085e-17 -150.311  4.423e-17  -89.585  6.532e-01   41.658
   12   24  -3.000e-02   9.000e-02   0.000e+00  5.543e-01  5.562e-17 -173.517  3.747e-17 -111.054  5.543e-01   26.809
   12   25  -3.000e-02   1.000e-01   0.000e+00  4.680e-01  4.935e-17  159.684  3.240e-17 -134.230  4.680e-01    8.705
   12   26  -3.000e-02   1.100e-01   0.000e+00  4.014e-01  4.377e-17  129.319  2.803e-17 -158.189  4.014e-01  -13.022
   12   27  -3.000e-02   1.200e-01   0.000e+00  3.603e-01  4.008e-17   96.899  2.364e-17  176.748  3.603e-01  -37.301
   12   28  -3.000e-02   1.300e-01   0.000e+00  3.399e-01  3.769e-17   65.092  1.925e-17  148.508  3.399e-01  -61.310
   12   29  -3.000e-02   1.400e-01   0.000e+00  3.224e-01  3.478e-17   34.836  1.590e-17  114.457  3.224e-01  -82.831
   12   30  -3.000e-02   1.500e-01   0.000e+00  2.884e-01  3.019e-17    3.926  1.703e-17   76.647  2.884e-01 -102.142
   13    0  -2.000e-02  -1.500e-01   0.000e+00  2.735e-01  2.085e-17    7.567  1.780e-17  -86.586  2.735e-01  -78.349
   13    1  -2.000e-02  -1.400e-01   0.000e+00  3.073e-01  2.432e-17   41.004  1.626e-17  -47.744  3.073e-01  -56.545
   13    2  -2.000e-02  -1.300e-01   0.000e+00  3.259e-01  2.678e-17   72.834  1.967e-17  -11.566  3.259e-01  -32.927
   13    3  -2.000e-02  -1.200e-01   0.000e+00  3.482e-01  2.880e-17  105.925  2.450e-17   19.135  3.482e-01   -7.120
   13    4  -2.000e-02  -1.100e-01   0.000e+00  3.909e-01  3.178e-17  139.815  2.977e-17   46.862  3.909e-01   18.542
   13    5  -2.000e-02  -1.000e-01   0.000e+00  4.577e-01  3.635e-17  171.905  3.573e-17   73.697  4.577e-01   41.312
   13    6  -2.000e-02  -9.000e-02   0.000e+00  5.425e-01  4.183e-17 -159.363  4.362e-17   99.553  5.425e-01   60.312
   13    7  -2.000e-02  -8.000e-02   0.000e+00  6.397e-01  4.708e-17 -133.777  5.491e-17  122.953  6.397e-01   75.996
   13    8  -2.000e-02  -7.000e-02   0.000e+00  7.477e-01  5.138e-17 -110.746  7.080e-17  142.524  7.477e-01   88.962
   13    9  -2.000e-02  -6.000e-02   0.000e+00  8.679e-01  5.467e-17  -90.102  9.255e-17  157.656  8.679e-01   99.552
   13   10  -2.000e-02  -5.000e-02   0.000e+00  1.000e+00  5.823e-17  -72.050  5.277e-17  163.345  1.000e+00  107.950
   13   11  -2.000e-02  -4.000e-02   0.000e+00  1.000e+00  5.823e-17  -72.050  0.000e+00    0.000  1.000e+00  107.950
   13   12  -2.000e-02  -3.000e-02   0.000e+00  1.000e+00  5.823e-17  -72.050  0.000e+00    0.000  1.000e+00  107.950
   13   13  -2.000e-02  -2.000e-02   0.000e+00  1.000e+00  5.823e-17  -72.050  0.000e+00    0.000  1.000e+00  107.950
   13   14  -2.000e-02  -1.000e-02   0.000e+00  1.000e+00  5.823e-17  -72.050  0.000e+00    0.000  1.000e+00  107.950
   13   15  -2.000e-02   0.000e+00   0.000e+00  1.000e+00  5.823e-17  -72.050  0.000e+00    0.000  1.000e+00  107.950
   13   16  -2.000e-02   1.000e-02   0.000e+00  1.000e+00  5.823e-17  -72.050  0.000e+00    0.000  1.000e+00  107.950
   13   17  -2.000e-02   2.000e-02   0.000e+00  1.000e+00  5.823e-17  -72.050  0.000e+00    0.000  1.000e+00  107.950
   13   18  -2.000e-02   3.000e-02   0.000e+00  1.000e+00  5.823e-17  -72.050  0.000e+00    0.000  1.000e+00  107.950
   13   19  -2.000e-02   4.000e-02   0.000e+00  1.000e+00  5.823e-17  -72.050  0.000e+00    0.000  1.000e+00  107.950
   13   20  -2.000e-02   5.000e-02   0.000e+00  1.000e+00  5.823e-17  -72.050  5.277e-17  -16.655  1.000e+00  107.950
   13   21  -2.000e-02   6.000e-02   0.000e+00  8.679e-01  5.467e-17  -90.102  9.255e-17  -22.344  8.679e-01   99.552
   13   22  -2.000e-02   7.000e-02   0.000e+00  7.477e-01  5.138e-17 -110.746  7.080e-17  -37.476  7.477e-01   88.962
   13   23  -2.000e-02   8.000e-02   0.000e+00  6.397e-01  4.708e-17 -133.777  5.491e-17  -57.047  6.397e-01   75.996
   13   24  -2.000e-02   9.000e-02   0.000e+00  5.425e-01  4.183e-17 -159.363  4.362e-17  -80.447  5.425e-01   60.312
   13   25  -2.000e-02   1.000e-01   0.000e+00  4.577e-01  3.635e-17  171.905  3.573e-17 -106.303  4.577e-01   41.312
   13   26  -2.000e-02   1.100e-01   0.000e+00  3.909e-01  3.178e-17  139.815  2.977e-17 -133.138  3.909e-01   18.542
   13   27  -2.000e-02   1.200e-01   0.000e+00  3.482e-01  2.880e-17  105.925  2.450e-17 -160.865  3.482e-01   -7.120
   13   28  -2.000e-02   1.300e-01   0.000e+00  3.259e-01  2.678e-17   72.834  1.967e-17  168.434  3.259e-01  -32.927
   13   29  -2.000e-02   1.400e-01   0.000e+00  3.073e-01  2.432e-17   41.004  1.626e-17  132.256  3.073e-01  -56.545
   13   30  -2.000e-02   1.500e-01   0.000e+00  2.735e-01  2.085e-17    7.567  1.780e-17   93.414  2.735e-01  -78.349
   14    0  -1.000e-02  -1.500e-01   0.000e+00  2.655e-01  1.125e-17    6.440  1.759e-17  -77.353  2.655e-01  -56.763
   14    1  -1.000e-02  -1.400e-01   0.000e+00  3.031e-01  1.308e-17   45.829  1.581e-17  -38.037  3.031e-01  -32.438
   14    2  -1.000e-02  -1.300e-01   0.000e+00  3.262e-01  1.467e-17   81.364  1.906e-17   -0.529  3.262e-01   -6.883
   14    3  -1.000e-02  -1.200e-01   0.000e+00  3.528e-01  1.588e-17  117.506  2.388e-17   31.702  3.528e-01   20.487
   14    4  -1.000e-02  -1.100e-01   0.000e+00  3.987e-01  1.759e-17  155.394  2.935e-17   60.940  3.987e-01   47.459
   14    5  -1.000e-02  -1.000e-01   0.000e+00  4.667e-01  2.066e-17 -167.635  3.581e-17   89.226  4.667e-01   71.493
   14    6  -1.000e-02  -9.000e-02   0.000e+00  5.505e-01  2.510e-17 -134.033  4.454e-17  116.324  5.505e-01   91.830
   14    7  -1.000e-02  -8.000e-02   0.000e+00  6.450e-01  3.066e-17 -103.881  5.685e-17  140.779  6.450e-01  108.880
   14    8  -1.000e-02  -7.000e-02   0.000e+00  7.499e-01  3.755e-17  -76.868  7.345e-17  161.559  7.499e-01  123.119
   14    9  -1.000e-02  -6.000e-02   0.000e+00  8.678e-01  4.648e-17  -53.748  9.461e-17  178.512  8.678e-01  134.771
   14   10  -1.000e-02  -5.000e-02   0.000e+00  1.000e+00  5.823e-17  -36.025  5.355e-17 -174.753  1.000e+00  143.975
   14   11  -1.000e-02  -4.000e-02   0.000e+00  1.000e+00  5.823e-17  -36.025  0.000e+00    0.000  1.000e+00  143.975
   14   12  -1.000e-02  -3.000e-02   0.000e+00  1.000e+00  5.823e-17  -36.025  0.000e+00    0.000  1.000e+00  143.975
   14   13  -1.000e-02  -2.000e-02   0.000e+00  1.000e+00  5.823e-17  -36.025  0.000e+00    0.000  1.000e+00  143.975
   14   14  -1.000e-02  -1.000e-02   0.000e+00  1.000e+00  5.823e-17  -36.025  0.000e+00    0.000  1.000e+00  143.975
   14   15  -1.000e-02   0.000e+00   0.000e+00  1.000e+00  5.823e-17  -36.025  0.000e+00    0.000  1.000e+00  143.975
   14   16  -1.000e-02   1.000e-02   0.000e+00  1.000e+00  5.823e-17  -36.025  0.000e+00    0.000  1.000e+00  143.975
   14   17  -1.000e-02   2.000e-02   0.000e+00  1.000e+00  5.823e-17  -36.025  0.000e+00    0.000  1.000e+00  143.975
   14   18  -1.000e-02   3.000e-02   0.000e+00  1.000e+00  5.823e-17  -36.025  0.000e+00    0.000  1.000e+00  143.975
   14   19  -1.000e-02   4.000e-02   0.000e+00  1.000e+00  5.823e-17  -36.025  0.000e+00    0.000  1.000e+00  143.975
   14   20  -1.000e-02   5.000e-02   0.000e+00  1.000e+00  5.823e-17  -36.025  5.355e-17    5.247  1.000e+00  143.975
   14   21  -1.000e-02   6.000e-02   0.000e+00  8.678e-01  4.648e-17  -53.748  9.461e-17   -1.488  8.678e-01  134.771
   14   22  -1.000e-02   7.000e-02   0.000e+00  7.499e-01  3.755e-17  -76.868  7.345e-17  -18.441  7.499e-01  123.119
   14   23  -1.000e-02   8.000e-02   0.000e+00  6.450e-01  3.066e-17 -103.881  5.685e-17  -39.221  6.450e-01  108.880
   14   24  -1.000e-02   9.000e-02   0.000e+00  5.505e-01  2.510e-17 -134.033  4.454e-17  -63.676  5.505e-01   91.830
   14   25  -1.000e-02   1.000e-01   0.000e+00  4.667e-01  2.066e-17 -167.635  3.581e-17  -90.774  4.667e-01   71.493
   14   26  -1.000e-02   1.100e-01   0.000e+00  3.987e-01  1.759e-17  155.394  2.935e-17 -119.060  3.987e-01   47.459
   14   27  -1.000e-02   1.200e-01   0.000e+00  3.528e-01  1.588e-17  117.506  2.388e-17 -148.298  3.528e-01   20.487
   14   28  -1.000e-02   1.300e-01   0.000e+00  3.262e-01  1.467e-17   81.364  1.906e-17  179.471  3.262e-01   -6.883
   14   29  -1.000e-02   1.400e-01   0.000e+00  3.031e-01  1.308e-17   45.829  1.581e-17  141.963  3.031e-01  -32.438
   14   30  -1.000e-02   1.500e-01   0.000e+00  2.655e-01  1.125e-17    6.440  1.759e-17  102.647  2.655e-01  -56.763
   15    0   0.000e+00  -1.500e-01   0.000e+00  2.635e-01  2.598e-18  -22.864  1.600e-17  -75.076  2.635e-01  -38.751
   15    1   0.000e+00  -1.400e-01   0.000e+00  3.061e-01  2.423e-18   61.659  1.419e-17  -36.240  3.061e-01  -12.327
   15    2   0.000e+00  -1.300e-01   0.000e+00  3.343e-01  3.719e-18  117.766  1.675e-17    1.731  3.343e-01   14.711
   15    3   0.000e+00  -1.200e-01   0.000e+00  3.644e-01  4.949e-18  164.714  2.056e-17   34.938  3.644e-01   43.360
   15    4   0.000e+00  -1.100e-01   0.000e+00  4.120e-01  7.008e-18 -147.826  2.475e-17   65.424  4.120e-01   71.718
   15    5   0.000e+00  -1.000e-01   0.000e+00  4.803e-01  1.090e-17 -108.135  2.948e-17   95.419  4.803e-01   97.409
   15    6   0.000e+00  -9.000e-02   0.000e+00  5.628e-01  1.662e-17  -77.114  3.577e-17  124.947  5.628e-01  119.677
   15    7   0.000e+00  -8.000e-02   0.000e+00  6.538e-01  2.403e-17  -51.541  4.464e-17  152.660  6.538e-01  138.859
   15    8   0.000e+00  -7.000e-02   0.000e+00  7.541e-01  3.332e-17  -30.005  5.670e-17  177.606  7.541e-01  155.300
   15    9   0.000e+00  -6.000e-02   0.000e+00  8.680e-01  4.475e-17  -12.643  7.251e-17 -160.298  8.680e-01  169.034
   15   10   0.000e+00  -5.000e-02   0.000e+00  1.000e+00  5.823e-17    0.000  4.132e-17 -151.142  1.000e+00  180.000
   15   11   0.000e+00  -4.000e-02   0.000e+00  1.000e+00  5.823e-17    0.000  0.000e+00    0.000  1.000e+00  180.000
   15   12   0.000e+00  -3.000e-02   0.000e+00  1.000e+00  5.823e-17    0.000  0.000e+00    0.000  1.000e+00  180.000
   15   13   0.000e+00  -2.000e-02   0.000e+00  1.000e+00  5.823e-17    0.000  0.000e+00    0.000  1.000e+00  180.000
   15   14   0.000e+00  -1.000e-02   0.000e+00  1.000e+00  5.823e-17    0.000  0.000e+00    0.000  1.000e+00  180.000
   15   15   0.000e+00   0.000e+00   0.000e+00  1.000e+00  5.823e-17    0.000  0.000e+00    0.000  1.000e+00  180.000
   15   16   0.000e+00   1.000e-02   0.000e+00  1.000e+00  5.823e-17    0.000  0.000e+00    0.000  1.000e+00  180.000
   15   17   0.000e+00   2.000e-02   0.000e+00  1.000e+00  5.823e-17    0.000  0.000e+00    0.000  1.000e+00  180.000
   15   18   0.000e+00   3.000e-02   0.000e+00  1.000e+00  5.823e-17    0.000  0.000e+00    0.000  1.000e+00  180.000
   15   19   0.000e+00   4.000e-02   0.000e+00  1.000e+00  5.823e-17    0.000  0.000e+00    0.000  1.000e+00  180.000
   15   20   0.000e+00   5.000e-02   0.000e+00  1.000e+00  5.823e-17    0.000  4.132e-17   28.858  1.000e+00  180.000
   15   21   0.000e+00   6.000e-02   0.000e+00  8.680e-01  4.475e-17  -12.643  7.251e-17   19.702  8.680e-01  169.034
   15   22   0.000e+00   7.000e-02   0.000e+00  7.541e-01  3.332e-17  -30.005  5.670e-17   -2.394  7.541e-01  155.300
   15   23   0.000e+00   8.000e-02   0.000e+00  6.538e-01  2.403e-17  -51.541  4.464e-17  -27.340  6.538e-01  138.859
   15   24   0.000e+00   9.000e-02   0.000e+00  5.628e-01  1.662e-17  -77.114  3.577e-17  -55.053  5.628e-01  119.677
   15   25   0.000e+00   1.000e-01   0.000e+00  4.803e-01  1.090e-17 -108.135  2.948e-17  -84.581  4.803e-01   97.409
   15   26   0.000e+00   1.100e-01   0.000e+00  4.120e-01  7.008e-18 -147.826  2.475e-17 -114.576  4.120e-01   71.718
   15   27   0.000e+00   1.200e-01   0.000e+00  3.644e-01  4.949e-18  164.714  2.056e-17 -145.062  3.644e-01   43.360
   15   28   0.000e+00   1.300e-01   0.000e+00  3.343e-01  3.719e-18  117.766  1.675e-17 -178.269  3.343e-01   14.711
   15   29   0.000e+00   1.400e-01   0.000e+00  3.061e-01  2.423e-18   61.659  1.419e-17  143.760  3.061e-01  -12.327
   15   30   0.000e+00   1.500e-01   0.000e+00  2.635e-01  2.598e-18  -22.864  1.600e-17  104.924  2.635e-01  -38.751
   16    0   1.000e-02  -1.500e-01   0.000e+00  2.638e-01  5.959e-18 -152.570  1.326e-17  -80.235  2.638e-01  -25.279
   16    1   1.000e-02  -1.400e-01   0.000e+00  3.094e-01  6.880e-18 -144.806  1.162e-17  -43.169  3.094e-01    2.891
   16    2   1.000e-02  -1.300e-01   0.000e+00  3.400e-01  7.754e-18 -128.555  1.312e-17   -6.072  3.400e-01   31.191
   16    3   1.000e-02  -1.200e-01   0.000e+00  3.705e-01  9.210e-18 -104.006  1.517e-17   27.219  3.705e-01   61.133
   16    4   1.000e-02  -1.100e-01   0.000e+00  4.170e-01  1.206e-17  -76.800  1.693e-17   58.599  4.170e-01   91.149
   16    5   1.000e-02  -1.000e-01   0.000e+00  4.832e-01  1.652e-17  -52.068  1.829e-17   91.053  4.832e-01  118.916
   16    6   1.000e-02  -9.000e-02   0.000e+00  5.622e-01  2.232e-17  -30.274  1.988e-17  126.231  5.622e-01  143.651
   16    7   1.000e-02  -8.000e-02   0.000e+00  6.487e-01  2.922e-17  -10.414  2.284e-17  163.828  6.487e-01  165.711
   16    8   1.000e-02  -7.000e-02   0.000e+00  7.448e-01  3.733e-17    7.763  2.894e-17 -158.205  7.448e-01 -174.643
   16    9   1.000e-02  -6.000e-02   0.000e+00  8.586e-01  4.695e-17   23.595  4.110e-17 -123.619  8.586e-01 -157.680
   16   10   1.000e-02  -5.000e-02   0.000e+00  1.000e+00  5.823e-17   36.025  2.534e-17 -110.811  1.000e+00 -143.975
   16   11   1.000e-02  -4.000e-02   0.000e+00  1.000e+00  5.823e-17   36.025  0.000e+00    0.000  1.000e+00 -143.975
   16   12   1.000e-02  -3.000e-02   0.000e+00  1.000e+00  5.823e-17   36.025  0.000e+00    0.000  1.000e+00 -143.975
   16   13   1.000e-02  -2.000e-02   0.000e+00  1.000e+00  5.823e-17   36.025  0.000e+00    0.000  1.000e+00 -143.975
   16   14   1.000e-02  -1.000e-02   0.000e+00  1.000e+00  5.823e-17   36.025  0.000e+00    0.000  1.000e+00 -143.975
   16   15   1.000e-02   0.000e+00   0.000e+00  1.000e+00  5.823e-17   36.025  0.000e+00    0.000  1.000e+00 -143.975
   16   16   1.000e-02   1.000e-02   0.000e+00  1.000e+00  5.823e-17   36.025  0.000e+00    0.000  1.000e+00 -143.975
   16   17   1.000e-02   2.000e-02   0.000e+00  1.000e+00  5.823e-17   36.025  0.000e+00    0.000  1.000e+00 -143.975
   16   18   1.000e-02   3.000e-02   0.000e+00  1.000e+00  5.823e-17   36.025  0.000e+00    0.000  1.000e+00 -143.975
   16   19   1.000e-02   4.000e-02   0.000e+00  1.000e+00  5.823e-17   36.025  0.000e+00    0.000  1.000e+00 -143.975
   16   20   1.000e-02   5.000e-02   0.000e+00  1.000e+00  5.823e-17   36.025  2.534e-17   69.189  1.000e+00 -143.975
   16   21   1.000e-02   6.000e-02   0.000e+00  8.586e-01  4.695e-17   23.595  4.110e-17   56.381  8.586e-01 -157.680
   16   22   1.000e-02   7.000e-02   0.000e+00  7.448e-01  3.733e-17    7.763  2.894e-17   21.795  7.448e-01 -174.643
   16   23   1.000e-02   8.000e-02   0.000e+00  6.487e-01  2.922e-17  -10.414  2.284e-17  -16.172  6.487e-01  165.711
   16   24   1.000e-02   9.000e-02   0.000e+00  5.622e-01  2.232e-17  -30.274  1.988e-17  -53.769  5.622e-01  143.651
   16   25   1.000e-02   1.000e-01   0.000e+00  4.832e-01  1.652e-17  -52.068  1.829e-17  -88.947  4.832e-01  118.916
   16   26   1.000e-02   1.100e-01   0.000e+00  4.170e-01  1.206e-17  -76.800  1.693e-17 -121.401  4.170e-01   91.149
   16   27   1.000e-02   1.200e-01   0.000e+00  3.705e-01  9.210e-18 -104.006  1.517e-17 -152.781  3.705e-01   61.133
   16   28   1.000e-02   1.300e-01   0.000e+00  3.400e-01  7.754e-18 -128.555  1.312e-17  173.928  3.400e-01   31.191
   16   29   1.000e-02   1.400e-01   0.000e+00  3.094e-01  6.880e-18 -144.806  1.162e-17  136.831  3.094e-01    2.891
   16   30   1.000e-02   1.500e-01   0.000e+00  2.638e-01  5.959e-18 -152.570  1.326e-17   99.765  2.638e-01  -25.279
   17    0   2.000e-02  -1.500e-01   0.000e+00  2.632e-01  1.193e-17 -165.477  1.008e-17  -95.194  2.632e-01  -16.443
   17    1   2.000e-02  -1.400e-01   0.000e+00  3.077e-01  1.365e-17 -146.002  8.905e-18  -61.457  3.077e-01   13.339
   17    2   2.000e-02  -1.300e-01   0.000e+00  3.372e-01  1.457e-17 -122.628  9.531e-18  -28.200  3.372e-01   42.939
   17    3   2.000e-02  -1.200e-01   0.000e+00  3.648e-01  1.580e-17  -94.323  9.952e-18    1.143  3.648e-01   74.368
   17    4   2.000e-02  -1.100e-01   0.000e+00  4.073e-01  1.845e-17  -64.518  9.487e-18   27.795  4.073e-01  106.331
   17    5   2.000e-02  -1.000e-01   0.000e+00  4.689e-01  2.263e-17  -37.211  7.630e-18   53.869  4.689e-01  136.476
   17    6   2.000e-02  -9.000e-02   0.000e+00  5.423e-01  2.764e-17  -12.726  3.920e-18   84.727  5.423e-01  164.060
   17    7   2.000e-02  -8.000e-02   0.000e+00  6.225e-01  3.304e-17   10.401  2.973e-18 -107.641  6.225e-01 -170.380
   17    8   2.000e-02  -7.000e-02   0.000e+00  7.153e-01  3.920e-17   32.998  1.398e-17  -71.750  7.153e-01 -146.565
   17    9   2.000e-02  -6.000e-02   0.000e+00  8.354e-01  4.720e-17   54.311  3.244e-17  -52.222  8.354e-01 -125.236
   17   10   2.000e-02  -5.000e-02   0.000e+00  1.000e+00  5.823e-17   72.050  2.216e-17  -46.289  1.000e+00 -107.950
   17   11   2.000e-02  -4.000e-02   0.000e+00  1.000e+00  5.823e-17   72.050  0.000e+00    0.000  1.000e+00 -107.950
   17   12   2.000e-02  -3.000e-02   0.000e+00  1.000e+00  5.823e-17   72.050  0.000e+00    0.000  1.000e+00 -107.950
   17   13   2.000e-02  -2.000e-02   0.000e+00  1.000e+00  5.823e-17   72.050  0.000e+00    0.000  1.000e+00 -107.950
   17   14   2.000e-02  -1.000e-02   0.000e+00  1.000e+00  5.823e-17   72.050  0.000e+00    0.000  1.000e+00 -107.950
   17   15   2.000e-02   0.000e+00   0.000e+00  1.000e+00  5.823e-17   72.050  0.000e+00    0.000  1.000e+00 -107.950
   17   16   2.000e-02   1.000e-02   0.000e+00  1.000e+00  5.823e-17   72.050  0.000e+00    0.000  1.000e+00 -107.950
   17   17   2.000e-02   2.000e-02   0.000e+00  1.000e+00  5.823e-17   72.050  0.000e+00    0.000  1.000e+00 -107.950
   17   18   2.000e-02   3.000e-02   0.000e+00  1.000e+00  5.823e-17   72.050  0.000e+00    0.000  1.000e+00 -107.950
   17   19   2.000e-02   4.000e-02   0.000e+00  1.000e+00  5.823e-17   72.050  0.000e+00    0.000  1.000e+00 -107.950
   17   20   2.000e-02   5.000e-02   0.000e+00  1.000e+00  5.823e-17   72.050  2.216e-17  133.711  1.000e+00 -107.950
   17   21   2.000e-02   6.000e-02   0.000e+00  8.354e-01  4.720e-17   54.311  3.244e-17  127.778  8.354e-01 -125.236
   17   22   2.000e-02   7.000e-02   0.000e+00  7.153e-01  3.920e-17   32.998  1.398e-17  108.250  7.153e-01 -146.565
   17   23   2.000e-02   8.000e-02   0.000e+00  6.225e-01  3.304e-17   10.401  2.973e-18   72.359  6.225e-01 -170.380
   17   24   2.000e-02   9.000e-02   0.000e+00  5.423e-01  2.764e-17  -12.726  3.920e-18  -95.273  5.423e-01  164.060
   17   25   2.000e-02   1.000e-01   0.000e+00  4.689e-01  2.263e-17  -37.211  7.630e-18 -126.131  4.689e-01  136.476
   17   26   2.000e-02   1.100e-01   0.000e+00  4.073e-01  1.845e-17  -64.518  9.487e-18 -152.205  4.073e-01  106.331
   17   27   2.000e-02   1.200e-01   0.000e+00  3.648e-01  1.580e-17  -94.323  9.952e-18 -178.857  3.648e-01   74.368
   17   28   2.000e-02   1.300e-01   0.000e+00  3.372e-01  1.457e-17 -122.628  9.531e-18  151.800  3.372e-01   42.939
   17   29   2.000e-02   1.400e-01   0.000e+00  3.077e-01  1.365e-17 -146.002  8.905e-18  118.543  3.077e-01   13.339
   17   30   2.000e-02   1.500e-01   0.000e+00  2.632e-01  1.193e-17 -165.477  1.008e-17   84.806  2.632e-01  -16.443
   18    0   3.000e-02  -1.500e-01   0.000e+00  2.607e-01  1.607e-17 -175.189  7.655e-18 -124.136  2.607e-01  -11.671
   18    1   3.000e-02  -1.400e-01   0.000e+00  3.004e-01  1.788e-17 -152.261  7.198e-18  -93.640  3.004e-01   19.579
   18    2   3.000e-02  -1.300e-01   0.000e+00  3.258e-01  1.849e-17 -126.578  7.863e-18  -67.095  3.258e-01   50.539
   18    3   3.000e-02  -1.200e-01   0.000e+00  3.485e-01  1.911e-17  -96.461  8.330e-18  -47.489  3.485e-01   83.602
   18    4   3.000e-02  -1.100e-01   0.000e+00  3.858e-01  2.100e-17  -64.421  8.529e-18  -34.634  3.858e-01  117.646
   18    5   3.000e-02  -1.000e-01   0.000e+00  4.418e-01  2.418e-17  -34.254  8.960e-18  -29.228  4.418e-01  150.210
   18    6   3.000e-02  -9.000e-02   0.000e+00  5.080e-01  2.767e-17   -6.233  1.083e-17  -29.171  5.080e-01 -179.310
   18    7   3.000e-02  -8.000e-02   0.000e+00  5.801e-01  3.096e-17   21.910  1.570e-17  -27.342  5.801e-01 -149.947
   18    8   3.000e-02  -7.000e-02   0.000e+00  6.689e-01  3.514e-17   52.031  2.525e-17  -20.174  6.689e-01 -121.149
   18    9   3.000e-02  -6.000e-02   0.000e+00  7.993e-01  4.316e-17   82.649  4.209e-17   -9.812  7.993e-01  -94.111
   18   10   3.000e-02  -5.000e-02   0.000e+00  1.000e+00  5.823e-17  108.075  2.650e-17   -5.694  1.000e+00  -71.925
   18   11   3.000e-02  -4.000e-02   0.000e+00  1.000e+00  5.823e-17  108.075  0.000e+00    0.000  1.000e+00  -71.925
   18   12   3.000e-02  -3.000e-02   0.000e+00  1.000e+00  5.823e-17  108.075  0.000e+00    0.000  1.000e+00  -71.925
   18   13   3.000e-02  -2.000e-02   0.000e+00  1.000e+00  5.823e-17  108.075  0.000e+00    0.000  1.000e+00  -71.925
   18   14   3.000e-02  -1.000e-02   0.000e+00  1.000e+00  5.823e-17  108.075  0.000e+00    0.000  1.000e+00  -71.925
   18   15   3.000e-02   0.000e+00   0.000e+00  1.000e+00  5.823e-17  108.075  0.000e+00    0.000  1.000e+00  -71.925
   18   16   3.000e-02   1.000e-02   0.000e+00  1.000e+00  5.823e-17  108.075  0.000e+00    0.000  1.000e+00  -71.925
   18   17   3.000e-02   2.000e-02   0.000e+00  1.000e+00  5.823e-17  108.075  0.000e+00    0.000  1.000e+00  -71.925
   18   18   3.000e-02   3.000e-02   0.000e+00  1.000e+00  5.823e-17  108.075  0.000e+00    0.000  1.000e+00  -71.925
   18   19   3.000e-02   4.000e-02   0.000e+00  1.000e+00  5.823e-17  108.075  0.000e+00    0.000  1.000e+00  -71.925
   18   20   3.000e-02   5.000e-02   0.000e+00  1.000e+00  5.823e-17  108.075  2.650e-17  174.306  1.000e+00  -71.925
   18   21   3.000e-02   6.000e-02   0.000e+00  7.993e-01  4.316e-17   82.649  4.209e-17  170.188  7.993e-01  -94.111
   18   22   3.000e-02   7.000e-02   0.000e+00  6.689e-01  3.514e-17   52.031  2.525e-17  159.826  6.689e-01 -121.149
   18   23   3.000e-02   8.000e-02   0.000e+00  5.801e-01  3.096e-17   21.910  1.570e-17  152.658  5.801e-01 -149.947
   18   24   3.000e-02   9.000e-02   0.000e+00  5.080e-01  2.767e-17   -6.233  1.083e-17  150.829  5.080e-01 -179.310
   18   25   3.000e-02   1.000e-01   0.000e+00  4.418e-01  2.418e-17  -34.254  8.960e-18  150.772  4.418e-01  150.210
   18   26   3.000e-02   1.100e-01   0.000e+00  3.858e-01  2.100e-17  -64.421  8.529e-18  145.366  3.858e-01  117.646
   18   27   3.000e-02   1.200e-01   0.000e+00  3.485e-01  1.911e-17  -96.461  8.330e-18  132.511  3.485e-01   83.602
   18   28   3.000e-02   1.300e-01   0.000e+00  3.258e-01  1.849e-17 -126.578  7.863e-18  112.905  3.258e-01   50.539
   18   29   3.000e-02   1.400e-01   0.000e+00  3.004e-01  1.788e-17 -152.261  7.198e-18   86.360  3.004e-01   19.579
   18   30   3.000e-02   1.500e-01   0.000e+00  2.607e-01  1.607e-17 -175.189  7.655e-18   55.864  2.607e-01  -11.671
   19    0   4.000e-02  -1.500e-01   0.000e+00  2.574e-01  1.839e-17  173.779  7.166e-18 -163.694  2.574e-01  -10.030
   19    1   4.000e-02  -1.400e-01   0.000e+00  2.904e-01  1.975e-17 -161.705  7.265e-18 -131.928  2.904e-01   22.289
   19    2   4.000e-02  -1.300e-01   0.000e+00  3.101e-01  1.975e-17 -134.857  8.688e-18 -106.913  3.101e-01   54.451
   19    3   4.000e-02  -1.200e-01   0.000e+00  3.274e-01  1.953e-17 -103.681  1.027e-17  -88.397  3.274e-01   89.060
   19    4   4.000e-02  -1.100e-01   0.000e+00  3.600e-01  2.034e-17  -70.017  1.192e-17  -73.003  3.600e-01  125.009
   19    5   4.000e-02  -1.000e-01   0.000e+00  4.114e-01  2.212e-17  -37.560  1.387e-17  -58.491  4.114e-01  159.592
   19    6   4.000e-02  -9.000e-02   0.000e+00  4.711e-01  2.374e-17   -6.523  1.651e-17  -43.461  4.711e-01 -167.623
   19    7   4.000e-02  -8.000e-02   0.000e+00  5.336e-01  2.465e-17   26.585  2.030e-17  -26.988  5.336e-01 -135.019
   19    8   4.000e-02  -7.000e-02   0.000e+00  6.122e-01  2.660e-17   65.812  2.601e-17   -8.314  6.122e-01 -101.140
   19    9   4.000e-02  -6.000e-02   0.000e+00  7.462e-01  3.493e-17  108.627  3.622e-17   12.517  7.462e-01  -66.563
   19   10   4.000e-02  -5.000e-02   0.000e+00  1.000e+00  5.823e-17  144.100  2.183e-17   20.995  1.000e+00  -35.900
   19   11   4.000e-02  -4.000e-02   0.000e+00  1.000e+00  5.823e-17  144.100  0.000e+00    0.000  1.000e+00  -35.900
   19   12   4.000e-02  -3.000e-02   0.000e+00  1.000e+00  5.823e-17  144.100  0.000e+00    0.000  1.000e+00  -35.900
   19   13   4.000e-02  -2.000e-02   0.000e+00  1.000e+00  5.823e-17  144.100  0.000e+00    0.000  1.000e+00  -35.900
   19   14   4.000e-02  -1.000e-02   0.000e+00  1.000e+00  5.823e-17  144.100  0.000e+00    0.000  1.000e+00  -35.900
   19   15   4.000e-02   0.000e+00   0.000e+00  1.000e+00  5.823e-17  144.100  0.000e+00    0.000  1.000e+00  -35.900
   19   16   4.000e-02   1.000e-02   0.000e+00  1.000e+00  5.823e-17  144.100  0.000e+00    0.000  1.000e+00  -35.900
   19   17   4.000e-02   2.000e-02   0.000e+00  1.000e+00  5.823e-17  144.100  0.000e+00    0.000  1.000e+00  -35.900
   19   18   4.000e-02   3.000e-02   0.000e+00  1.000e+00  5.823e-17  144.100  0.000e+00    0.000  1.000e+00  -35.900
   19   19   4.000e-02   4.000e-02   0.000e+00  1.000e+00  5.823e-17  144.100  0.000e+00    0.000  1.000e+00  -35.900
   19   20   4.000e-02   5.000e-02   0.000e+00  1.000e+00  5.823e-17  144.100  2.183e-17 -159.005  1.000e+00  -35.900
   19   21   4.000e-02   6.000e-02   0.000e+00  7.462e-01  3.493e-17  108.627  3.622e-17 -167.483  7.462e-01  -66.563
   19   22   4.000e-02   7.000e-02   0.000e+00  6.122e-01  2.660e-17   65.812  2.601e-17  171.686  6.122e-01 -101.140
   19   23   4.000e-02   8.000e-02   0.000e+00  5.336e-01  2.465e-17   26.585  2.030e-17  153.012  5.336e-01 -135.019
   19   24   4.000e-02   9.000e-02   0.000e+00  4.711e-01  2.374e-17   -6.523  1.651e-17  136.539  4.711e-01 -167.623
   19   25   4.000e-02   1.000e-01   0.000e+00  4.114e-01  2.212e-17  -37.560  1.387e-17  121.509  4.114e-01  159.592
   19   26   4.000e-02   1.100e-01   0.000e+00  3.600e-01  2.034e-17  -70.017  1.192e-17  106.997  3.600e-01  125.009
   19   27   4.000e-02   1.200e-01   0.000e+00  3.274e-01  1.953e-17 -103.681  1.027e-17   91.603  3.274e-01   89.060
   19   28   4.000e-02   1.300e-01   0.000e+00  3.101e-01  1.975e-17 -134.857  8.688e-18   73.087  3.101e-01   54.451
   19   29   4.000e-02   1.400e-01   0.000e+00  2.904e-01  1.975e-17 -161.705  7.265e-18   48.072  2.904e-01   22.289
   19   30   4.000e-02   1.500e-01   0.000e+00  2.574e-01  1.839e-17  173.779  7.166e-18   16.306  2.574e-01  -10.030
   20    0   5.000e-02  -1.500e-01   0.000e+00  2.546e-01  1.912e-17  160.663  8.311e-18  161.957  2.546e-01  -10.468
   20    1   5.000e-02  -1.400e-01   0.000e+00  2.815e-01  1.975e-17 -174.051  8.467e-18 -163.971  2.815e-01   22.206
   20    2   5.000e-02  -1.300e-01   0.000e+00  2.958e-01  1.905e-17 -146.529  1.040e-17 -137.082  2.958e-01   55.051
   20    3   5.000e-02  -1.200e-01   0.000e+00  3.085e-01  1.804e-17 -114.712  1.251e-17 -116.342  3.085e-01   90.723
   20    4   5.000e-02  -1.100e-01   0.000e+00  3.378e-01  1.785e-17  -79.990  1.434e-17  -97.927  3.378e-01  127.980
   20    5   5.000e-02  -1.000e-01   0.000e+00  3.870e-01  1.839e-17  -46.063  1.582e-17  -79.516  3.870e-01  163.709
   20    6   5.000e-02  -9.000e-02   0.000e+00  4.437e-01  1.853e-17  -13.345  1.695e-17  -60.021  4.437e-01 -162.543
   20    7   5.000e-02  -8.000e-02   0.000e+00  4.990e-01  1.768e-17   22.260  1.744e-17  -38.719  4.990e-01 -128.755
   20    8   5.000e-02  -7.000e-02   0.000e+00  5.588e-01  1.716e-17   66.563  1.611e-17  -12.557  5.588e-01  -92.315
   20    9   5.000e-02  -6.000e-02   0.000e+00  6.606e-01  2.056e-17  117.564  1.189e-17   44.137  6.606e-01  -49.885
   20   10   5.000e-02  -5.000e-02   0.000e+00  1.000e+00  3.118e-17  163.527  7.711e-18   84.502  1.000e+00    0.125
   20   11   5.000e-02  -4.000e-02   0.000e+00  1.000e+00  3.095e-17  162.483  0.000e+00    0.000  1.000e+00    0.125
   20   12   5.000e-02  -3.000e-02   0.000e+00  1.000e+00  3.092e-17  162.164  0.000e+00    0.000  1.000e+00    0.125
   20   13   5.000e-02  -2.000e-02   0.000e+00  1.000e+00  3.097e-17  162.086  0.000e+00    0.000  1.000e+00    0.125
   20   14   5.000e-02  -1.000e-02   0.000e+00  1.000e+00  3.102e-17  162.081  0.000e+00    0.000  1.000e+00    0.125
   20   15   5.000e-02   0.000e+00   0.000e+00  1.000e+00  3.104e-17  162.084  0.000e+00    0.000  1.000e+00    0.125
   20   16   5.000e-02   1.000e-02   0.000e+00  1.000e+00  3.102e-17  162.081  0.000e+00    0.000  1.000e+00    0.125
   20   17   5.000e-02   2.000e-02   0.000e+00  1.000e+00  3.097e-17  162.086  0.000e+00    0.000  1.000e+00    0.125
   20   18   5.000e-02   3.000e-02   0.000e+00  1.000e+00  3.092e-17  162.164  0.000e+00    0.000  1.000e+00    0.125
   20   19   5.000e-02   4.000e-02   0.000e+00  1.000e+00  3.095e-17  162.483  0.000e+00    0.000  1.000e+00    0.125
   20   20   5.000e-02   5.000e-02   0.000e+00  1.000e+00  3.118e-17  163.527  7.711e-18  -95.498  1.000e+00    0.125
   20   21   5.000e-02   6.000e-02   0.000e+00  6.606e-01  2.056e-17  117.564  1.189e-17 -135.863  6.606e-01  -49.885
   20   22   5.000e-02   7.000e-02   0.000e+00  5.588e-01  1.716e-17   66.563  1.611e-17  167.443  5.588e-01  -92.315
   20   23   5.000e-02   8.000e-02   0.000e+00  4.990e-01  1.768e-17   22.260  1.744e-17  141.281  4.990e-01 -128.755
   20   24   5.000e-02   9.000e-02   0.000e+00  4.437e-01  1.853e-17  -13.345  1.695e-17  119.979  4.437e-01 -162.543
   20   25   5.000e-02   1.000e-01   0.000e+00  3.870e-01  1.839e-17  -46.063  1.582e-17  100.484  3.870e-01  163.709
   20   26   5.000e-02   1.100e-01   0.000e+00  3.378e-01  1.785e-17  -79.990  1.434e-17   82.073  3.378e-01  127.980
   20   27   5.000e-02   1.200e-01   0.000e+00  3.085e-01  1.804e-17 -114.712  1.251e-17   63.658  3.085e-01   90.723
   20   28   5.000e-02   1.300e-01   0.000e+00  2.958e-01  1.905e-17 -146.529  1.040e-17   42.918  2.958e-01   55.051
   20   29   5.000e-02   1.400e-01   0.000e+00  2.815e-01  1.975e-17 -174.051  8.467e-18   16.029  2.815e-01   22.206
   20   30   5.000e-02   1.500e-01   0.000e+00  2.546e-01  1.912e-17  160.663  8.311e-18  -18.043  2.546e-01  -10.468
   21    0   6.000e-02  -1.500e-01   0.000e+00  2.522e-01  1.864e-17  145.123  9.769e-18  136.066  2.522e-01  -12.132
   21    1   6.000e-02  -1.400e-01   0.000e+00  2.758e-01  1.846e-17  170.695  9.786e-18  170.442  2.758e-01   20.058
   21    2   6.000e-02  -1.300e-01   0.000e+00  2.865e-01  1.712e-17 -161.346  1.186e-17 -161.846  2.865e-01   52.752
   21    3   6.000e-02  -1.200e-01   0.000e+00  2.961e-01  1.556e-17 -129.082  1.394e-17 -140.313  2.961e-01   88.579
   21    4   6.000e-02  -1.100e-01   0.000e+00  3.235e-01  1.473e-17  -93.791  1.532e-17 -121.263  3.235e-01  126.135
   21    5   6.000e-02  -1.000e-01   0.000e+00  3.727e-01  1.448e-17  -59.332  1.578e-17 -102.278  3.727e-01  161.879
   21    6   6.000e-02  -9.000e-02   0.000e+00  4.315e-01  1.384e-17  -26.593  1.530e-17  -82.151  4.315e-01 -164.958
   21    7   6.000e-02  -8.000e-02   0.000e+00  4.917e-01  1.225e-17    7.808  1.379e-17  -60.300  4.917e-01 -132.712
   21    8   6.000e-02  -7.000e-02   0.000e+00  5.599e-01  1.029e-17   47.953  1.086e-17  -35.138  5.599e-01 -100.001
   21    9   6.000e-02  -6.000e-02   0.000e+00  6.576e-01  8.096e-18   90.739  6.602e-18    1.829  6.576e-01  -67.487
   21   10   6.000e-02  -5.000e-02   0.000e+00  8.026e-01  4.473e-19  159.032  3.706e-18   32.390  8.026e-01  -40.020
   21   11   6.000e-02  -4.000e-02   0.000e+00  9.442e-01  3.408e-19  149.474  1.597e-18   12.637  9.442e-01  -34.523
   21   12   6.000e-02  -3.000e-02   0.000e+00  1.037e+00  4.212e-19  150.440  8.765e-19   -5.065  1.037e+00  -34.361
   21   13   6.000e-02  -2.000e-02   0.000e+00  1.096e+00  5.620e-19  155.855  5.189e-19  -15.681  1.096e+00  -35.451
   21   14   6.000e-02  -1.000e-02   0.000e+00  1.130e+00  6.825e-19  159.387  2.496e-19  -20.556  1.130e+00  -36.457
   21   15   6.000e-02   0.000e+00   0.000e+00  1.141e+00  7.288e-19  160.509  0.000e+00    0.000  1.141e+00  -36.842
   21   16   6.000e-02   1.000e-02   0.000e+00  1.130e+00  6.825e-19  159.387  2.496e-19  159.444  1.130e+00  -36.457
   21   17   6.000e-02   2.000e-02   0.000e+00  1.096e+00  5.620e-19  155.855  5.189e-19  164.319  1.096e+00  -35.451
   21   18   6.000e-02   3.000e-02   0.000e+00  1.037e+00  4.212e-19  150.440  8.765e-19  174.935  1.037e+00  -34.361
   21   19   6.000e-02   4.000e-02   0.000e+00  9.442e-01  3.408e-19  149.474  1.597e-18 -167.363  9.442e-01  -34.523
   21   20   6.000e-02   5.000e-02   0.000e+00  8.026e-01  4.473e-19  159.032  3.706e-18 -147.610  8.026e-01  -40.020
   21   21   6.000e-02   6.000e-02   0.000e+00  6.576e-01  8.096e-18   90.739  6.602e-18 -178.171  6.576e-01  -67.487
   21   22   6.000e-02   7.000e-02   0.000e+00  5.599e-01  1.029e-17   47.953  1.086e-17  144.862  5.599e-01 -100.001
   21   23   6.000e-02   8.000e-02   0.000e+00  4.917e-01  1.225e-17    7.808  1.379e-17  119.700  4.917e-01 -132.712
   21   24   6.000e-02   9.000e-02   0.000e+00  4.315e-01  1.384e-17  -26.593  1.530e-17   97.849  4.315e-01 -164.958
   21   25   6.000e-02   1.000e-01   0.000e+00  3.727e-01  1.448e-17  -59.332  1.578e-17   77.722  3.727e-01  161.879
   21   26   6.000e-02   1.100e-01   0.000e+00  3.235e-01  1.473e-17  -93.791  1.532e-17   58.737  3.235e-01  126.135
   21   27   6.000e-02   1.200e-01   0.000e+00  2.961e-01  1.556e-17 -129.082  1.394e-17   39.687  2.961e-01   88.579
   21   28   6.000e-02   1.300e-01   0.000e+00  2.865e-01  1.712e-17 -161.346  1.186e-17   18.154  2.865e-01   52.752
   21   29   6.000e-02   1.400e-01   0.000e+00  2.758e-01  1.846e-17  170.695  9.786e-18   -9.558  2.758e-01   20.058
   21   30   6.000e-02   1.500e-01   0.000e+00  2.522e-01  1.864e-17  145.123  9.769e-18  -43.934  2.522e-01  -12.132
   22    0   7.000e-02  -1.500e-01   0.000e+00  2.485e-01  1.741e-17  126.918  1.078e-17  114.265  2.485e-01  -14.726
   22    1   7.000e-02  -1.400e-01   0.000e+00  2.724e-01  1.648e-17  152.374  1.069e-17  147.957  2.724e-01   16.283
   22    2   7.000e-02  -1.300e-01   0.000e+00  2.824e-01  1.463e-17 -179.354  1.271e-17  175.376  2.824e-01   47.970
   22    3   7.000e-02  -1.200e-01   0.000e+00  2.910e-01  1.279e-17 -146.584  1.454e-17 -163.530  2.910e-01   82.846
   22    4   7.000e-02  -1.100e-01   0.000e+00  3.173e-01  1.170e-17 -111.008  1.537e-17 -145.320  3.173e-01  119.461
   22    5   7.000e-02  -1.000e-01   0.000e+00  3.665e-01  1.111e-17  -76.991  1.494e-17 -127.646  3.665e-01  154.058
   22    6   7.000e-02  -9.000e-02   0.000e+00  4.283e-01  1.016e-17  -45.751  1.338e-17 -109.229  4.283e-01 -174.623
   22    7   7.000e-02  -8.000e-02   0.000e+00  4.946e-01  8.454e-18  -14.636  1.092e-17  -89.547  4.946e-01 -145.585
   22    8   7.000e-02  -7.000e-02   0.000e+00  5.685e-01  6.350e-18   18.953  7.828e-18  -68.389  5.685e-01 -118.305
   22    9   7.000e-02  -6.000e-02   0.000e+00  6.606e-01  4.156e-18   50.113  4.618e-18  -44.807  6.606e-01  -94.117
   22   10   7.000e-02  -5.000e-02   0.000e+00  7.786e-01  1.605e-18   43.707  2.626e-18  -24.077  7.786e-01  -76.300
   22   11   7.000e-02  -4.000e-02   0.000e+00  9.296e-01  6.451e-19   42.435  1.746e-18  -21.748  9.296e-01  -68.726
   22   12   7.000e-02  -3.000e-02   0.000e+00  1.067e+00  2.276e-19   70.067  1.197e-18  -24.079  1.067e+00  -66.672
   22   13   7.000e-02  -2.000e-02   0.000e+00  1.174e+00  2.329e-19  143.268  7.753e-19  -26.105  1.174e+00  -66.727
   22   14   7.000e-02  -1.000e-02   0.000e+00  1.241e+00  3.649e-19  161.928  3.864e-19  -27.109  1.241e+00  -67.238
   22   15   7.000e-02   0.000e+00   0.000e+00  1.264e+00  4.151e-19  165.134  0.000e+00    0.000  1.264e+00  -67.477
   22   16   7.000e-02   1.000e-02   0.000e+00  1.241e+00  3.649e-19  161.928  3.864e-19  152.891  1.241e+00  -67.238
   22   17   7.000e-02   2.000e-02   0.000e+00  1.174e+00  2.329e-19  143.268  7.753e-19  153.895  1.174e+00  -66.727
   22   18   7.000e-02   3.000e-02   0.000e+00  1.067e+00  2.276e-19   70.067  1.197e-18  155.921  1.067e+00  -66.672
   22   19   7.000e-02   4.000e-02   0.000e+00  9.296e-01  6.451e-19   42.435  1.746e-18  158.252  9.296e-01  -68.726
   22   20   7.000e-02   5.000e-02   0.000e+00  7.786e-01  1.605e-18   43.707  2.626e-18  155.923  7.786e-01  -76.300
   22   21   7.000e-02   6.000e-02   0.000e+00  6.606e-01  4.156e-18   50.113  4.618e-18  135.193  6.606e-01  -94.117
   22   22   7.000e-02   7.000e-02   0.000e+00  5.685e-01  6.350e-18   18.953  7.828e-18  111.611  5.685e-01 -118.305
   22   23   7.000e-02   8.000e-02   0.000e+00  4.946e-01  8.454e-18  -14.636  1.092e-17   90.453  4.946e-01 -145.585
   22   24   7.000e-02   9.000e-02   0.000e+00  4.283e-01  1.016e-17  -45.751  1.338e-17   70.771  4.283e-01 -174.623
   22   25   7.000e-02   1.000e-01   0.000e+00  3.665e-01  1.111e-17  -76.991  1.494e-17   52.354  3.665e-01  154.058
   22   26   7.000e-02   1.100e-01   0.000e+00  3.173e-01  1.170e-17 -111.008  1.537e-17   34.680  3.173e-01  119.461
   22   27   7.000e-02   1.200e-01   0.000e+00  2.910e-01  1.279e-17 -146.584  1.454e-17   16.470  2.910e-01   82.846
   22   28   7.000e-02   1.300e-01   0.000e+00  2.824e-01  1.463e-17 -179.354  1.271e-17   -4.624  2.824e-01   47.970
   22   29   7.000e-02   1.400e-01   0.000e+00  2.724e-01  1.648e-17  152.374  1.069e-17  -32.043  2.724e-01   16.283
   22   30   7.000e-02   1.500e-01   0.000e+00  2.485e-01  1.741e-17  126.918  1.078e-17  -65.735  2.485e-01  -14.726
   23    0   8.000e-02  -1.500e-01   0.000e+00  2.405e-01  1.590e-17  106.059  1.109e-17   93.548  2.405e-01  -18.693
   23    1   8.000e-02  -1.400e-01   0.000e+00  2.674e-01  1.433e-17  130.874  1.097e-17  126.336  2.674e-01   10.756
   23    2   8.000e-02  -1.300e-01   0.000e+00  2.796e-01  1.209e-17  159.242  1.285e-17  152.963  2.796e-01   40.871
   23    3   8.000e-02  -1.200e-01   0.000e+00  2.894e-01  1.014e-17 -167.182  1.439e-17  173.037  2.894e-01   73.912
   23    4   8.000e-02  -1.100e-01   0.000e+00  3.151e-01  9.089e-18 -131.201  1.480e-17 -170.251  3.151e-01  108.502
   23    5   8.000e-02  -1.000e-01   0.000e+00  3.631e-01  8.512e-18  -98.507  1.386e-17 -154.780  3.631e-01  141.061
   23    6   8.000e-02  -9.000e-02   0.000e+00  4.257e-01  7.560e-18  -70.338  1.179e-17 -139.387  4.257e-01  169.959
   23    7   8.000e-02  -8.000e-02   0.000e+00  4.952e-01  5.969e-18  -44.116  9.035e-18 -123.594  4.952e-01 -164.364
   23    8   8.000e-02  -7.000e-02   0.000e+00  5.726e-01  4.133e-18  -17.588  6.122e-18 -107.450  5.726e-01 -141.623
   23    9   8.000e-02  -6.000e-02   0.000e+00  6.654e-01  2.569e-18    5.426  3.607e-18  -90.885  6.654e-01 -122.626
   23   10   8.000e-02  -5.000e-02   0.000e+00  7.824e-01  1.479e-18    8.451  2.049e-18  -72.182  7.824e-01 -108.813
   23   11   8.000e-02  -4.000e-02   0.000e+00  9.281e-01  7.777e-19    5.516  1.381e-18  -54.465  9.281e-01 -100.877
   23   12   8.000e-02  -3.000e-02   0.000e+00  1.077e+00  3.570e-19   -1.648  1.027e-18  -42.771  1.077e+00  -97.228
   23   13   8.000e-02  -2.000e-02   0.000e+00  1.203e+00  1.213e-19  -26.696  7.168e-19  -36.507  1.203e+00  -95.881
   23   14   8.000e-02  -1.000e-02   0.000e+00  1.287e+00  8.171e-20 -107.920  3.739e-19  -33.568  1.287e+00  -95.515
   23   15   8.000e-02   0.000e+00   0.000e+00  1.316e+00  1.088e-19 -128.297  0.000e+00    0.000  1.316e+00  -95.460
   23   16   8.000e-02   1.000e-02   0.000e+00  1.287e+00  8.171e-20 -107.920  3.739e-19  146.432  1.287e+00  -95.515
   23   17   8.000e-02   2.000e-02   0.000e+00  1.203e+00  1.213e-19  -26.696  7.168e-19  143.493  1.203e+00  -95.881
   23   18   8.000e-02   3.000e-02   0.000e+00  1.077e+00  3.570e-19   -1.648  1.027e-18  137.229  1.077e+00  -97.228
   23   19   8.000e-02   4.000e-02   0.000e+00  9.281e-01  7.777e-19    5.516  1.381e-18  125.535  9.281e-01 -100.877
   23   20   8.000e-02   5.000e-02   0.000e+00  7.824e-01  1.479e-18    8.451  2.049e-18  107.818  7.824e-01 -108.813
   23   21   8.000e-02   6.000e-02   0.000e+00  6.654e-01  2.569e-18    5.426  3.607e-18   89.115  6.654e-01 -122.626
   23   22   8.000e-02   7.000e-02   0.000e+00  5.726e-01  4.133e-18  -17.588  6.122e-18   72.550  5.726e-01 -141.623
   23   23   8.000e-02   8.000e-02   0.000e+00  4.952e-01  5.969e-18  -44.116  9.035e-18   56.406  4.952e-01 -164.364
   23   24   8.000e-02   9.000e-02   0.000e+00  4.257e-01  7.560e-18  -70.338  1.179e-17   40.613  4.257e-01  169.959
   23   25   8.000e-02   1.000e-01   0.000e+00  3.631e-01  8.512e-18  -98.507  1.386e-17   25.220  3.631e-01  141.061
   23   26   8.000e-02   1.100e-01   0.000e+00  3.151e-01  9.089e-18 -131.201  1.480e-17    9.749  3.151e-01  108.502
   23   27   8.000e-02   1.200e-01   0.000e+00  2.894e-01  1.014e-17 -167.182  1.439e-17   -6.963  2.894e-01   73.912
   23   28   8.000e-02   1.300e-01   0.000e+00  2.796e-01  1.209e-17  159.242  1.285e-17  -27.037  2.796e-01   40.871
   23   29   8.000e-02   1.400e-01   0.000e+00  2.674e-01  1.433e-17  130.874  1.097e-17  -53.664  2.674e-01   10.756
   23   30   8.000e-02   1.500e-01   0.000e+00  2.405e-01  1.590e-17  106.059  1.109e-17  -86.452  2.405e-01  -18.693
   24    0   9.000e-02  -1.500e-01   0.000e+00  2.260e-01  1.446e-17   83.139  1.071e-17   72.037  2.260e-01  -25.235
   24    1   9.000e-02  -1.400e-01   0.000e+00  2.562e-01  1.241e-17  106.570  1.061e-17  103.943  2.562e-01    2.649
   24    2   9.000e-02  -1.300e-01   0.000e+00  2.720e-01  9.855e-18  134.421  1.230e-17  129.647  2.720e-01   31.076
   24    3   9.000e-02  -1.200e-01   0.000e+00  2.849e-01  7.849e-18  169.125  1.358e-17  148.560  2.849e-01   61.915
   24    4   9.000e-02  -1.100e-01   0.000e+00  3.109e-01  6.995e-18 -153.730  1.373e-17  163.668  3.109e-01   93.875
   24    5   9.000e-02  -1.000e-01   0.000e+00  3.564e-01  6.657e-18 -122.766  1.261e-17  176.832  3.564e-01  123.872
   24    6   9.000e-02  -9.000e-02   0.000e+00  4.166e-01  5.915e-18  -99.122  1.048e-17 -171.032  4.166e-01  150.232
   24    7   9.000e-02  -8.000e-02   0.000e+00  4.859e-01  4.562e-18  -79.870  7.833e-18 -159.632  4.859e-01  173.019
   24    8   9.000e-02  -7.000e-02   0.000e+00  5.642e-01  2.990e-18  -62.733  5.191e-18 -149.080  5.642e-01 -167.511
   24    9   9.000e-02  -6.000e-02   0.000e+00  6.573e-01  1.730e-18  -47.769  3.004e-18 -139.045  6.573e-01 -151.606
   24   10   9.000e-02  -5.000e-02   0.000e+00  7.717e-01  1.017e-18  -39.171  1.522e-18 -125.407  7.717e-01 -139.700
   24   11   9.000e-02  -4.000e-02   0.000e+00  9.078e-01  6.218e-19  -36.834  7.677e-19  -97.922  9.078e-01 -131.784
   24   12   9.000e-02  -3.000e-02   0.000e+00  1.050e+00  4.255e-19  -39.655  5.389e-19  -62.513  1.050e+00 -127.136
   24   13   9.000e-02  -2.000e-02   0.000e+00  1.174e+00  3.497e-19  -45.229  4.328e-19  -42.768  1.174e+00 -124.686
   24   14   9.000e-02  -1.000e-02   0.000e+00  1.259e+00  3.329e-19  -49.733  2.495e-19  -35.116  1.259e+00 -123.555
   24   15   9.000e-02   0.000e+00   0.000e+00  1.290e+00  3.324e-19  -51.288  0.000e+00    0.000  1.290e+00 -123.233
   24   16   9.000e-02   1.000e-02   0.000e+00  1.259e+00  3.329e-19  -49.733  2.495e-19  144.884  1.259e+00 -123.555
   24   17   9.000e-02   2.000e-02   0.000e+00  1.174e+00  3.497e-19  -45.229  4.328e-19  137.232  1.174e+00 -124.686
   24   18   9.000e-02   3.000e-02   0.000e+00  1.050e+00  4.255e-19  -39.655  5.389e-19  117.487  1.050e+00 -127.136
   24   19   9.000e-02   4.000e-02   0.000e+00  9.078e-01  6.218e-19  -36.834  7.677e-19   82.078  9.078e-01 -131.784
   24   20   9.000e-02   5.000e-02   0.000e+00  7.717e-01  1.017e-18  -39.171  1.522e-18   54.593  7.717e-01 -139.700
   24   21   9.000e-02   6.000e-02   0.000e+00  6.573e-01  1.730e-18  -47.769  3.004e-18   40.955  6.573e-01 -151.606
   24   22   9.000e-02   7.000e-02   0.000e+00  5.642e-01  2.990e-18  -62.733  5.191e-18   30.920  5.642e-01 -167.511
   24   23   9.000e-02   8.000e-02   0.000e+00  4.859e-01  4.562e-18  -79.870  7.833e-18   20.368  4.859e-01  173.019
   24   24   9.000e-02   9.000e-02   0.000e+00  4.166e-01  5.915e-18  -99.122  1.048e-17    8.968  4.166e-01  150.232
   24   25   9.000e-02   1.000e-01   0.000e+00  3.564e-01  6.657e-18 -122.766  1.261e-17   -3.168  3.564e-01  123.872
   24   26   9.000e-02   1.100e-01   0.000e+00  3.109e-01  6.995e-18 -153.730  1.373e-17  -16.332  3.109e-01   93.875
   24   27   9.000e-02   1.200e-01   0.000e+00  2.849e-01  7.849e-18  169.125  1.358e-17  -31.440  2.849e-01   61.915
   24   28   9.000e-02   1.300e-01   0.000e+00  2.720e-01  9.855e-18  134.421  1.230e-17  -50.353  2.720e-01   31.076
   24   29   9.000e-02   1.400e-01   0.000e+00  2.562e-01  1.241e-17  106.570  1.061e-17  -76.057  2.562e-01    2.649
   24   30   9.000e-02   1.500e-01   0.000e+00  2.260e-01  1.446e-17   83.139  1.071e-17 -107.963  2.260e-01  -25.235
   25    0   1.000e-01  -1.500e-01   0.000e+00  2.052e-01  1.316e-17   59.265  9.896e-18   48.256  2.052e-01  -36.330
   25    1   1.000e-01  -1.400e-01   0.000e+00  2.366e-01  1.085e-17   80.599  9.829e-18   79.299  2.366e-01   -9.616
   25    2   1.000e-01  -1.300e-01   0.000e+00  2.554e-01  8.091e-18  106.858  1.131e-17  104.049  2.554e-01   17.468
   25    3   1.000e-01  -1.200e-01   0.000e+00  2.721e-01  6.003e-18  142.553  1.234e-17  121.808  2.721e-01   46.295
   25    4   1.000e-01  -1.100e-01   0.000e+00  2.992e-01  5.342e-18 -177.669  1.234e-17  135.426  2.992e-01   75.572
   25    5   1.000e-01  -1.000e-01   0.000e+00  3.420e-01  5.354e-18 -147.863  1.124e-17  146.547  3.420e-01  102.834
   25    6   1.000e-01  -9.000e-02   0.000e+00  3.981e-01  4.975e-18 -128.956  9.304e-18  155.864  3.981e-01  126.692
   25    7   1.000e-01  -8.000e-02   0.000e+00  4.641e-01  3.995e-18 -117.120  6.980e-18  163.438  4.641e-01  147.066
   25    8   1.000e-01  -7.000e-02   0.000e+00  5.404e-01  2.744e-18 -110.520  4.713e-18  168.889  5.404e-01  164.198
   25    9   1.000e-01  -6.000e-02   0.000e+00  6.308e-01  1.650e-18 -108.334  2.826e-18  171.699  6.308e-01  178.162
   25   10   1.000e-01  -5.000e-02   0.000e+00  7.390e-01  9.248e-19 -107.534  1.449e-18  171.889  7.390e-01 -171.035
   25   11   1.000e-01  -4.000e-02   0.000e+00  8.632e-01  5.150e-19 -100.529  5.602e-19  169.951  8.632e-01 -163.223
   25   12   1.000e-01  -3.000e-02   0.000e+00  9.914e-01  3.582e-19  -76.880  7.302e-20  158.871  9.914e-01 -158.001
   25   13   1.000e-01  -2.000e-02   0.000e+00  1.105e+00  3.957e-19  -53.060  1.183e-19   -6.099  1.105e+00 -154.805
   25   14   1.000e-01  -1.000e-02   0.000e+00  1.183e+00  4.803e-19  -43.653  1.089e-19   -9.212  1.183e+00 -153.112
   25   15   1.000e-01   0.000e+00   0.000e+00  1.210e+00  5.171e-19  -41.528  0.000e+00    0.000  1.210e+00 -152.586
   25   16   1.000e-01   1.000e-02   0.000e+00  1.183e+00  4.803e-19  -43.653  1.089e-19  170.788  1.183e+00 -153.112
   25   17   1.000e-01   2.000e-02   0.000e+00  1.105e+00  3.957e-19  -53.060  1.183e-19  173.901  1.105e+00 -154.805
   25   18   1.000e-01   3.000e-02   0.000e+00  9.914e-01  3.582e-19  -76.880  7.302e-20  -21.129  9.914e-01 -158.001
   25   19   1.000e-01   4.000e-02   0.000e+00  8.632e-01  5.150e-19 -100.529  5.602e-19  -10.049  8.632e-01 -163.223
   25   20   1.000e-01   5.000e-02   0.000e+00  7.390e-01  9.248e-19 -107.534  1.449e-18   -8.111  7.390e-01 -171.035
   25   21   1.000e-01   6.000e-02   0.000e+00  6.308e-01  1.650e-18 -108.334  2.826e-18   -8.301  6.308e-01  178.162
   25   22   1.000e-01   7.000e-02   0.000e+00  5.404e-01  2.744e-18 -110.520  4.713e-18  -11.111  5.404e-01  164.198
   25   23   1.000e-01   8.000e-02   0.000e+00  4.641e-01  3.995e-18 -117.120  6.980e-18  -16.562  4.641e-01  147.066
   25   24   1.000e-01   9.000e-02   0.000e+00  3.981e-01  4.975e-18 -128.956  9.304e-18  -24.136  3.981e-01  126.692
   25   25   1.000e-01   1.000e-01   0.000e+00  3.420e-01  5.354e-18 -147.863  1.124e-17  -33.453  3.420e-01  102.834
   25   26   1.000e-01   1.100e-01   0.000e+00  2.992e-01  5.342e-18 -177.669  1.234e-17  -44.574  2.992e-01   75.572
   25   27   1.000e-01   1.200e-01   0.000e+00  2.721e-01  6.003e-18  142.553  1.234e-17  -58.192  2.721e-01   46.295
   25   28   1.000e-01   1.300e-01   0.000e+00  2.554e-01  8.091e-18  106.858  1.131e-17  -75.951  2.554e-01   17.468
   25   29   1.000e-01   1.400e-01   0.000e+00  2.366e-01  1.085e-17   80.599  9.829e-18 -100.701  2.366e-01   -9.616
   25   30   1.000e-01   1.500e-01   0.000e+00  2.052e-01  1.316e-17   59.265  9.896e-18 -131.744  2.052e-01  -36.330
   26    0   1.100e-01  -1.500e-01   0.000e+00  1.848e-01  1.181e-17   35.217  9.040e-18   21.433  1.848e-01  -54.432
   26    1   1.100e-01  -1.400e-01   0.000e+00  2.134e-01  9.485e-18   54.127  9.021e-18   51.571  2.134e-01  -28.271
   26    2   1.100e-01  -1.300e-01   0.000e+00  2.325e-01  6.704e-18   77.738  1.031e-17   75.266  2.325e-01   -1.826
   26    3   1.100e-01  -1.200e-01   0.000e+00  2.517e-01  4.542e-18  113.462  1.113e-17   91.794  2.517e-01   25.683
   26    4   1.100e-01  -1.100e-01   0.000e+00  2.806e-01  3.990e-18  157.774  1.104e-17  103.971  2.806e-01   52.770
   26    5   1.100e-01  -1.000e-01   0.000e+00  3.221e-01  4.333e-18 -172.122  1.001e-17  113.322  3.221e-01   77.500
   26    6   1.100e-01  -9.000e-02   0.000e+00  3.748e-01  4.352e-18 -156.725  8.330e-18  120.446  3.748e-01   99.012
   26    7   1.100e-01  -8.000e-02   0.000e+00  4.374e-01  3.796e-18 -149.916  6.370e-18  125.380  4.374e-01  117.363
   26    8   1.100e-01  -7.000e-02   0.000e+00  5.111e-01  2.914e-18 -149.123  4.490e-18  127.793  5.111e-01  132.820
   26    9   1.100e-01  -6.000e-02   0.000e+00  5.986e-01  2.018e-18 -152.842  2.921e-18  127.148  5.986e-01  145.569
   26   10   1.100e-01  -5.000e-02   0.000e+00  7.011e-01  1.270e-18 -158.404  1.751e-18  122.760  7.011e-01  155.747
   26   11   1.100e-01  -4.000e-02   0.000e+00  8.152e-01  6.782e-19 -160.694  9.616e-19  113.424  8.152e-01  163.523
   26   12   1.100e-01  -3.000e-02   0.000e+00  9.306e-01  2.427e-19 -137.152  4.916e-19   97.076  9.306e-01  169.123
   26   13   1.100e-01  -2.000e-02   0.000e+00  1.031e+00  2.807e-19  -49.318  2.489e-19   74.220  1.031e+00  172.833
   26   14   1.100e-01  -1.000e-02   0.000e+00  1.101e+00  5.020e-19  -34.410  1.142e-19   54.657  1.101e+00  174.930
   26   15   1.100e-01   0.000e+00   0.000e+00  1.125e+00  5.858e-19  -32.521  0.000e+00    0.000  1.125e+00  175.606
   26   16   1.100e-01   1.000e-02   0.000e+00  1.101e+00  5.020e-19  -34.410  1.142e-19 -125.343  1.101e+00  174.930
   26   17   1.100e-01   2.000e-02   0.000e+00  1.031e+00  2.807e-19  -49.318  2.489e-19 -105.780  1.031e+00  172.833
   26   18   1.100e-01   3.000e-02   0.000e+00  9.306e-01  2.427e-19 -137.152  4.916e-19  -82.924  9.306e-01  169.123
   26   19   1.100e-01   4.000e-02   0.000e+00  8.152e-01  6.782e-19 -160.694  9.616e-19  -66.576  8.152e-01  163.523
   26   20   1.100e-01   5.000e-02   0.000e+00  7.011e-01  1.270e-18 -158.404  1.751e-18  -57.240  7.011e-01  155.747
   26   21   1.100e-01   6.000e-02   0.000e+00  5.986e-01  2.018e-18 -152.842  2.921e-18  -52.852  5.986e-01  145.569
   26   22   1.100e-01   7.000e-02   0.000e+00  5.111e-01  2.914e-18 -149.123  4.490e-18  -52.207  5.111e-01  132.820
   26   23   1.100e-01   8.000e-02   0.000e+00  4.374e-01  3.796e-18 -149.916  6.370e-18  -54.620  4.374e-01  117.363
   26   24   1.100e-01   9.000e-02   0.000e+00  3.748e-01  4.352e-18 -156.725  8.330e-18  -59.554  3.748e-01   99.012
   26   25   1.100e-01   1.000e-01   0.000e+00  3.221e-01  4.333e-18 -172.122  1.001e-17  -66.678  3.221e-01   77.500
   26   26   1.100e-01   1.100e-01   0.000e+00  2.806e-01  3.990e-18  157.774  1.104e-17  -76.029  2.806e-01   52.770
   26   27   1.100e-01   1.200e-01   0.000e+00  2.517e-01  4.542e-18  113.462  1.113e-17  -88.206  2.517e-01   25.683
   26   28   1.100e-01   1.300e-01   0.000e+00  2.325e-01  6.704e-18   77.738  1.031e-17 -104.734  2.325e-01   -1.826
   26   29   1.100e-01   1.400e-01   0.000e+00  2.134e-01  9.485e-18   54.127  9.021e-18 -128.429  2.134e-01  -28.271
   26   30   1.100e-01   1.500e-01   0.000e+00  1.848e-01  1.181e-17   35.217  9.040e-18 -158.567  1.848e-01  -54.432
   27    0   1.200e-01  -1.500e-01   0.000e+00  1.786e-01  1.023e-17   10.451  8.491e-18   -7.286  1.786e-01  -79.804
   27    1   1.200e-01  -1.400e-01   0.000e+00  2.007e-01  8.090e-18   26.967  8.544e-18   21.945  2.007e-01  -54.378
   27    2   1.200e-01  -1.300e-01   0.000e+00  2.156e-01  5.507e-18   47.293  9.730e-18   44.442  2.156e-01  -28.181
   27    3   1.200e-01  -1.200e-01   0.000e+00  2.343e-01  3.365e-18   81.298  1.044e-17   59.556  2.343e-01   -1.114
   27    4   1.200e-01  -1.100e-01   0.000e+00  2.646e-01  2.819e-18  132.125  1.028e-17   70.190  2.646e-01   24.767
   27    5   1.200e-01  -1.000e-01   0.000e+00  3.072e-01  3.391e-18  164.349  9.306e-18   77.874  3.072e-01   47.695
   27    6   1.200e-01  -9.000e-02   0.000e+00  3.600e-01  3.726e-18  177.542  7.777e-18   83.283  3.600e-01   67.374
   27    7   1.200e-01  -8.000e-02   0.000e+00  4.222e-01  3.536e-18 -178.434  6.036e-18   86.659  4.222e-01   84.242
   27    8   1.200e-01  -7.000e-02   0.000e+00  4.954e-01  2.985e-18 -179.933  4.376e-18   88.063  4.954e-01   98.706
   27    9   1.200e-01  -6.000e-02   0.000e+00  5.820e-01  2.289e-18  174.879  2.978e-18   87.528  5.820e-01  110.958
   27   10   1.200e-01  -5.000e-02   0.000e+00  6.817e-01  1.583e-18  167.580  1.905e-18   85.126  6.817e-01  121.065
   27   11   1.200e-01  -4.000e-02   0.000e+00  7.899e-01  9.185e-19  158.990  1.141e-18   80.929  7.899e-01  129.083
   27   12   1.200e-01  -3.000e-02   0.000e+00  8.969e-01  3.273e-19  144.490  6.339e-19   75.003  8.969e-01  135.103
   27   13   1.200e-01  -2.000e-02   0.000e+00  9.889e-01  1.863e-19   -1.087  3.199e-19   67.770  9.889e-01  139.255
   27   14   1.200e-01  -1.000e-02   0.000e+00  1.051e+00  4.983e-19  -19.300  1.305e-19   61.006  1.051e+00  141.677
   27   15   1.200e-01   0.000e+00   0.000e+00  1.074e+00  6.108e-19  -21.785  0.000e+00    0.000  1.074e+00  142.471
   27   16   1.200e-01   1.000e-02   0.000e+00  1.051e+00  4.983e-19  -19.300  1.305e-19 -118.994  1.051e+00  141.677
   27   17   1.200e-01   2.000e-02   0.000e+00  9.889e-01  1.863e-19   -1.087  3.199e-19 -112.230  9.889e-01  139.255
   27   18   1.200e-01   3.000e-02   0.000e+00  8.969e-01  3.273e-19  144.490  6.339e-19 -104.997  8.969e-01  135.103
   27   19   1.200e-01   4.000e-02   0.000e+00  7.899e-01  9.185e-19  158.990  1.141e-18  -99.071  7.899e-01  129.083
   27   20   1.200e-01   5.000e-02   0.000e+00  6.817e-01  1.583e-18  167.580  1.905e-18  -94.874  6.817e-01  121.065
   27   21   1.200e-01   6.000e-02   0.000e+00  5.820e-01  2.289e-18  174.879  2.978e-18  -92.472  5.820e-01  110.958
   27   22   1.200e-01   7.000e-02   0.000e+00  4.954e-01  2.985e-18 -179.933  4.376e-18  -91.937  4.954e-01   98.706
   27   23   1.200e-01   8.000e-02   0.000e+00  4.222e-01  3.536e-18 -178.434  6.036e-18  -93.341  4.222e-01   84.242
   27   24   1.200e-01   9.000e-02   0.000e+00  3.600e-01  3.726e-18  177.542  7.777e-18  -96.717  3.600e-01   67.374
   27   25   1.200e-01   1.000e-01   0.000e+00  3.072e-01  3.391e-18  164.349  9.306e-18 -102.126  3.072e-01   47.695
   27   26   1.200e-01   1.100e-01   0.000e+00  2.646e-01  2.819e-18  132.125  1.028e-17 -109.810  2.646e-01   24.767
   27   27   1.200e-01   1.200e-01   0.000e+00  2.343e-01  3.365e-18   81.298  1.044e-17 -120.444  2.343e-01   -1.114
   27   28   1.200e-01   1.300e-01   0.000e+00  2.156e-01  5.507e-18   47.293  9.730e-18 -135.558  2.156e-01  -28.181
   27   29   1.200e-01   1.400e-01   0.000e+00  2.007e-01  8.090e-18   26.967  8.544e-18 -158.055  2.007e-01  -54.378
   27   30   1.200e-01   1.500e-01   0.000e+00  1.786e-01  1.023e-17   10.451  8.491e-18  172.714  1.786e-01  -79.804
   28    0   1.300e-01  -1.500e-01   0.000e+00  1.957e-01  8.487e-18  -17.230  8.226e-18  -35.019  1.957e-01 -106.628
   28    1   1.300e-01  -1.400e-01   0.000e+00  2.116e-01  6.678e-18   -2.988  8.373e-18   -6.563  2.116e-01  -83.550
   28    2   1.300e-01  -1.300e-01   0.000e+00  2.195e-01  4.464e-18   13.722  9.550e-18   14.728  2.195e-01  -58.664
   28    3   1.300e-01  -1.200e-01   0.000e+00  2.338e-01  2.477e-18   43.344  1.023e-17   28.353  2.338e-01  -32.107
   28    4   1.300e-01  -1.100e-01   0.000e+00  2.636e-01  1.835e-18  101.824  1.006e-17   37.348  2.636e-01   -6.641
   28    5   1.300e-01  -1.000e-01   0.000e+00  3.085e-01  2.496e-18  138.802  9.103e-18   43.300  3.085e-01   15.487
   28    6   1.300e-01  -9.000e-02   0.000e+00  3.643e-01  3.023e-18  150.729  7.618e-18   46.980  3.643e-01   34.170
   28    7   1.300e-01  -8.000e-02   0.000e+00  4.287e-01  3.098e-18  153.183  5.921e-18   48.803  4.287e-01   50.232
   28    8   1.300e-01  -7.000e-02   0.000e+00  5.027e-01  2.814e-18  150.750  4.282e-18   49.073  5.027e-01   64.309
   28    9   1.300e-01  -6.000e-02   0.000e+00  5.879e-01  2.317e-18  145.221  2.872e-18   48.102  5.879e-01   76.615
   28   10   1.300e-01  -5.000e-02   0.000e+00  6.841e-01  1.716e-18  137.356  1.767e-18   46.211  6.841e-01   87.097
   28   11   1.300e-01  -4.000e-02   0.000e+00  7.867e-01  1.091e-18  126.050  9.748e-19   43.649  7.867e-01   95.649
   28   12   1.300e-01  -3.000e-02   0.000e+00  8.865e-01  5.370e-19  102.085  4.619e-19   40.417  8.865e-01  102.222
   28   13   1.300e-01  -2.000e-02   0.000e+00  9.711e-01  3.344e-19   31.461  1.750e-19   35.913  9.711e-01  106.843
   28   14   1.300e-01  -1.000e-02   0.000e+00  1.028e+00  5.359e-19   -8.663  4.691e-20   28.776  1.028e+00  109.576
   28   15   1.300e-01   0.000e+00   0.000e+00  1.048e+00  6.363e-19  -15.867  0.000e+00    0.000  1.048e+00  110.480
   28   16   1.300e-01   1.000e-02   0.000e+00  1.028e+00  5.359e-19   -8.663  4.691e-20 -151.224  1.028e+00  109.576
   28   17   1.300e-01   2.000e-02   0.000e+00  9.711e-01  3.344e-19   31.461  1.750e-19 -144.087  9.711e-01  106.843
   28   18   1.300e-01   3.000e-02   0.000e+00  8.865e-01  5.370e-19  102.085  4.619e-19 -139.583  8.865e-01  102.222
   28   19   1.300e-01   4.000e-02   0.000e+00  7.867e-01  1.091e-18  126.050  9.748e-19 -136.351  7.867e-01   95.649
   28   20   1.300e-01   5.000e-02   0.000e+00  6.841e-01  1.716e-18  137.356  1.767e-18 -133.789  6.841e-01   87.097
   28   21   1.300e-01   6.000e-02   0.000e+00  5.879e-01  2.317e-18  145.221  2.872e-18 -131.898  5.879e-01   76.615
   28   22   1.300e-01   7.000e-02   0.000e+00  5.027e-01  2.814e-18  150.750  4.282e-18 -130.927  5.027e-01   64.309
   28   23   1.300e-01   8.000e-02   0.000e+00  4.287e-01  3.098e-18  153.183  5.921e-18 -131.197  4.287e-01   50.232
   28   24   1.300e-01   9.000e-02   0.000e+00  3.643e-01  3.023e-18  150.729  7.618e-18 -133.020  3.643e-01   34.170
   28   25   1.300e-01   1.000e-01   0.000e+00  3.085e-01  2.496e-18  138.802  9.103e-18 -136.700  3.085e-01   15.487
   28   26   1.300e-01   1.100e-01   0.000e+00  2.636e-01  1.835e-18  101.824  1.006e-17 -142.652  2.636e-01   -6.641
   28   27   1.300e-01   1.200e-01   0.000e+00  2.338e-01  2.477e-18   43.344  1.023e-17 -151.647  2.338e-01  -32.107
   28   28   1.300e-01   1.300e-01   0.000e+00  2.195e-01  4.464e-18   13.722  9.550e-18 -165.272  2.195e-01  -58.664
   28   29   1.300e-01   1.400e-01   0.000e+00  2.116e-01  6.678e-18   -2.988  8.373e-18  173.437  2.116e-01  -83.550
   28   30   1.300e-01   1.500e-01   0.000e+00  1.957e-01  8.487e-18  -17.230  8.226e-18  144.981  1.957e-01 -106.628
   29    0   1.400e-01  -1.500e-01   0.000e+00  2.253e-01  7.079e-18  -50.577  7.849e-18  -60.096  2.253e-01 -129.266
   29    1   1.400e-01  -1.400e-01   0.000e+00  2.385e-01  5.615e-18  -38.173  8.093e-18  -32.292  2.385e-01 -109.369
   29    2   1.400e-01  -1.300e-01   0.000e+00  2.412e-01  3.790e-18  -24.593  9.276e-18  -12.138  2.412e-01  -87.018
   29    3   1.400e-01  -1.200e-01   0.000e+00  2.499e-01  2.033e-18   -1.275  9.964e-18    0.013  2.499e-01  -62.048
   29    4   1.400e-01  -1.100e-01   0.000e+00  2.769e-01  1.212e-18   59.780  9.831e-18    7.314  2.769e-01  -37.262
   29    5   1.400e-01  -1.000e-01   0.000e+00  3.228e-01  1.814e-18  106.005  8.935e-18   11.362  3.228e-01  -15.569
   29    6   1.400e-01  -9.000e-02   0.000e+00  3.811e-01  2.423e-18  118.361  7.513e-18   12.913  3.811e-01    2.585
   29    7   1.400e-01  -8.000e-02   0.000e+00  4.470e-01  2.656e-18  120.572  5.856e-18   12.317  4.470e-01   18.135
   29    8   1.400e-01  -7.000e-02   0.000e+00  5.193e-01  2.552e-18  118.290  4.217e-18    9.670  5.193e-01   31.923
   29    9   1.400e-01  -6.000e-02   0.000e+00  5.989e-01  2.206e-18  113.224  2.775e-18    4.719  5.989e-01   44.274
   29   10   1.400e-01  -5.000e-02   0.000e+00  6.856e-01  1.715e-18  105.700  1.632e-18   -3.661  6.856e-01   55.108
   29   11   1.400e-01  -4.000e-02   0.000e+00  7.763e-01  1.169e-18   94.158  8.373e-19  -19.076  7.763e-01   64.190
   29   12   1.400e-01  -3.000e-02   0.000e+00  8.634e-01  6.837e-19   71.466  4.012e-19  -49.970  8.634e-01   71.325
   29   13   1.400e-01  -2.000e-02   0.000e+00  9.368e-01  4.657e-19   23.912  2.478e-19  -90.514  9.368e-01   76.422
   29   14   1.400e-01  -1.000e-02   0.000e+00  9.860e-01  5.589e-19  -13.175  1.466e-19 -112.680  9.860e-01   79.467
   29   15   1.400e-01   0.000e+00   0.000e+00  1.003e+00  6.298e-19  -22.402  0.000e+00    0.000  1.003e+00   80.479
   29   16   1.400e-01   1.000e-02   0.000e+00  9.860e-01  5.589e-19  -13.175  1.466e-19   67.320  9.860e-01   79.467
   29   17   1.400e-01   2.000e-02   0.000e+00  9.368e-01  4.657e-19   23.912  2.478e-19   89.486  9.368e-01   76.422
   29   18   1.400e-01   3.000e-02   0.000e+00  8.634e-01  6.837e-19   71.466  4.012e-19  130.030  8.634e-01   71.325
   29   19   1.400e-01   4.000e-02   0.000e+00  7.763e-01  1.169e-18   94.158  8.373e-19  160.924  7.763e-01   64.190
   29   20   1.400e-01   5.000e-02   0.000e+00  6.856e-01  1.715e-18  105.700  1.632e-18  176.339  6.856e-01   55.108
   29   21   1.400e-01   6.000e-02   0.000e+00  5.989e-01  2.206e-18  113.224  2.775e-18 -175.281  5.989e-01   44.274
   29   22   1.400e-01   7.000e-02   0.000e+00  5.193e-01  2.552e-18  118.290  4.217e-18 -170.330  5.193e-01   31.923
   29   23   1.400e-01   8.000e-02   0.000e+00  4.470e-01  2.656e-18  120.572  5.856e-18 -167.683  4.470e-01   18.135
   29   24   1.400e-01   9.000e-02   0.000e+00  3.811e-01  2.423e-18  118.361  7.513e-18 -167.087  3.811e-01    2.585
   29   25   1.400e-01   1.000e-01   0.000e+00  3.228e-01  1.814e-18  106.005  8.935e-18 -168.638  3.228e-01  -15.569
   29   26   1.400e-01   1.100e-01   0.000e+00  2.769e-01  1.212e-18   59.780  9.831e-18 -172.686  2.769e-01  -37.262
   29   27   1.400e-01   1.200e-01   0.000e+00  2.499e-01  2.033e-18   -1.275  9.964e-18 -179.987  2.499e-01  -62.048
   29   28   1.400e-01   1.300e-01   0.000e+00  2.412e-01  3.790e-18  -24.593  9.276e-18  167.862  2.412e-01  -87.018
   29   29   1.400e-01   1.400e-01   0.000e+00  2.385e-01  5.615e-18  -38.173  8.093e-18  147.708  2.385e-01 -109.369
   29   30   1.400e-01   1.500e-01   0.000e+00  2.253e-01  7.079e-18  -50.577  7.849e-18  119.904  2.253e-01 -129.266
   30    0   1.500e-01  -1.500e-01   0.000e+00  2.467e-01  7.558e-18  -87.755  6.972e-18  -83.698  2.467e-01 -148.401
   30    1   1.500e-01  -1.400e-01   0.000e+00  2.592e-01  6.133e-18  -75.980  7.302e-18  -56.533  2.592e-01 -131.402
   30    2   1.500e-01  -1.300e-01   0.000e+00  2.595e-01  4.297e-18  -63.448  8.437e-18  -37.582  2.595e-01 -111.715
   30    3   1.500e-01  -1.200e-01   0.000e+00  2.643e-01  2.441e-18  -43.631  9.136e-18  -27.020  2.643e-01  -88.913
   30    4   1.500e-01  -1.100e-01   0.000e+00  2.878e-01  1.314e-18    8.237  9.109e-18  -21.568  2.878e-01  -65.407
   30    5   1.500e-01  -1.000e-01   0.000e+00  3.323e-01  1.773e-18   63.434  8.401e-18  -19.620  3.323e-01  -44.399
   30    6   1.500e-01  -9.000e-02   0.000e+00  3.907e-01  2.490e-18   80.098  7.206e-18  -20.467  3.907e-01  -26.838
   30    7   1.500e-01  -8.000e-02   0.000e+00  4.556e-01  2.839e-18   84.480  5.762e-18  -23.899  4.556e-01  -11.928
   30    8   1.500e-01  -7.000e-02   0.000e+00  5.230e-01  2.805e-18   83.959  4.292e-18  -30.154  5.230e-01    1.273
   30    9   1.500e-01  -6.000e-02   0.000e+00  5.922e-01  2.479e-18   80.489  2.976e-18  -40.127  5.922e-01   13.240
   30   10   1.500e-01  -5.000e-02   0.000e+00  6.631e-01  1.971e-18   74.429  1.946e-18  -55.626  6.631e-01   23.981
   30   11   1.500e-01  -4.000e-02   0.000e+00  7.341e-01  1.392e-18   64.577  1.276e-18  -78.104  7.341e-01   33.238
   30   12   1.500e-01  -3.000e-02   0.000e+00  8.008e-01  8.668e-19   46.058  9.112e-19 -103.295  8.008e-01   40.703
   30   13   1.500e-01  -2.000e-02   0.000e+00  8.563e-01  5.699e-19    9.484  6.563e-19 -122.373  8.563e-01   46.147
   30   14   1.500e-01  -1.000e-02   0.000e+00  8.933e-01  5.771e-19  -26.506  3.581e-19 -132.731  8.933e-01   49.447
   30   15   1.500e-01   0.000e+00   0.000e+00  9.063e-01  6.258e-19  -37.437  0.000e+00    0.000  9.063e-01   50.551
   30   16   1.500e-01   1.000e-02   0.000e+00  8.933e-01  5.771e-19  -26.506  3.581e-19   47.269  8.933e-01   49.447
   30   17   1.500e-01   2.000e-02   0.000e+00  8.563e-01  5.699e-19    9.484  6.563e-19   57.627  8.563e-01   46.147
   30   18   1.500e-01   3.000e-02   0.000e+00  8.008e-01  8.668e-19   46.058  9.112e-19   76.705  8.008e-01   40.703
   30   19   1.500e-01   4.000e-02   0.000e+00  7.341e-01  1.392e-18   64.577  1.276e-18  101.896  7.341e-01   33.238
   30   20   1.500e-01   5.000e-02   0.000e+00  6.631e-01  1.971e-18   74.429  1.946e-18  124.374  6.631e-01   23.981
   30   21   1.500e-01   6.000e-02   0.000e+00  5.922e-01  2.479e-18   80.489  2.976e-18  139.873  5.922e-01   13.240
   30   22   1.500e-01   7.000e-02   0.000e+00  5.230e-01  2.805e-18   83.959  4.292e-18  149.846  5.230e-01    1.273
   30   23   1.500e-01   8.000e-02   0.000e+00  4.556e-01  2.839e-18   84.480  5.762e-18  156.101  4.556e-01  -11.928
   30   24   1.500e-01   9.000e-02   0.000e+00  3.907e-01  2.490e-18   80.098  7.206e-18  159.533  3.907e-01  -26.838
   30   25   1.500e-01   1.000e-01   0.000e+00  3.323e-01  1.773e-18   63.434  8.401e-18  160.380  3.323e-01  -44.399
   30   26   1.500e-01   1.100e-01   0.000e+00  2.878e-01  1.314e-18    8.237  9.109e-18  158.432  2.878e-01  -65.407
   30   27   1.500e-01   1.200e-01   0.000e+00  2.643e-01  2.441e-18  -43.631  9.136e-18  152.980  2.643e-01  -88.913
   30   28   1.500e-01   1.300e-01   0.000e+00  2.595e-01  4.297e-18  -63.448  8.437e-18  142.418  2.595e-01 -111.715
   30   29   1.500e-01   1.400e-01   0.000e+00  2.592e-01  6.133e-18  -75.980  7.302e-18  123.467  2.592e-01 -131.402
   30   30   1.500e-01   1.500e-01   0.000e+00  2.467e-01  7.558e-18  -87.755  6.972e-18   96.302  2.467e-01 -148.401
