#1 : frequency[Hz] = 3.00000e+09
  No.  No.     X[m]        Y[m]        Z[m]      E[V/m]     Ex[V/m]   Ex[deg]   Ey[V/m]   Ey[deg]   Ez[V/m]   Ez[deg]
    0    0  -1.500e-01  -1.500e-01   0.000e+00  9.178e-01  5.339e-17   19.838  1.898e-17  -54.973  9.178e-01 -152.346
    0    1  -1.500e-01  -1.400e-01   0.000e+00  8.570e-01  5.246e-17   14.907  2.075e-17  -28.694  8.570e-01 -152.823
    0    2  -1.500e-01  -1.300e-01   0.000e+00  7.950e-01  5.383e-17   10.281  2.496e-17  -11.882  7.950e-01 -155.329
    0    3  -1.500e-01  -1.200e-01   0.000e+00  7.347e-01  5.607e-17    7.229  2.899e-17   -3.761  7.347e-01 -159.550
    0    4  -1.500e-01  -1.100e-01   0.000e+00  6.759e-01  5.763e-17    5.641  3.253e-17    0.014  6.759e-01 -165.191
    0    5  -1.500e-01  -1.000e-01   0.000e+00  6.177e-01  5.769e-17    4.699  3.576e-17    2.323  6.177e-01 -172.199
    0    6  -1.500e-01  -9.000e-02   0.000e+00  5.611e-01  5.630e-17    3.461  3.864e-17    5.085  5.611e-01  179.119
    0    7  -1.500e-01  -8.000e-02   0.000e+00  5.122e-01  5.434e-17    1.196  4.088e-17    9.282  5.122e-01  168.273
    0    8  -1.500e-01  -7.000e-02   0.000e+00  4.820e-01  5.313e-17   -2.259  4.209e-17   15.078  4.820e-01  155.257
    0    9  -1.500e-01  -6.000e-02   0.000e+00  4.803e-01  5.389e-17   -6.194  4.195e-17   22.073  4.803e-01  141.438
    0   10  -1.500e-01  -5.000e-02   0.000e+00  5.075e-01  5.707e-17   -9.380  4.019e-17   29.547  5.075e-01  129.165
    0   11  -1.500e-01  -4.000e-02   0.000e+00  5.535e-01  6.223e-17  -11.049  3.646e-17   36.696  5.535e-01  119.977
    0   12  -1.500e-01  -3.000e-02   0.000e+00  6.043e-01  6.831e-17  -11.335  3.045e-17   42.821  6.043e-01  113.918
    0   13  -1.500e-01  -2.000e-02   0.000e+00  6.482e-01  7.399e-17  -10.876  2.206e-17   47.442  6.482e-01  110.307
    0   14  -1.500e-01  -1.000e-02   0.000e+00  6.775e-01  7.802e-17  -10.321  1.162e-17   50.291  6.775e-01  108.443
    0   15  -1.500e-01   0.000e+00   0.000e+00  6.877e-01  7.948e-17  -10.090  0.000e+00    0.000  6.877e-01  107.873
    0   16  -1.500e-01   1.000e-02   0.000e+00  6.775e-01  7.802e-17  -10.321  1.162e-17 -129.709  6.775e-01  108.443
    0   17  -1.500e-01   2.000e-02   0.000e+00  6.482e-01  7.399e-17  -10.876  2.206e-17 -132.558  6.482e-01  110.307
    0   18  -1.500e-01   3.000e-02   0.000e+00  6.043e-01  6.831e-17  -11.335  3.045e-17 -137.179  6.043e-01  113.918
    0   19  -1.500e-01   4.000e-02   0.000e+00  5.535e-01  6.223e-17  -11.049  3.646e-17 -143.304  5.535e-01  119.977
    0   20  -1.500e-01   5.000e-02   0.000e+00  5.075e-01  5.707e-17   -9.380  4.019e-17 -150.453  5.075e-01  129.165
    0   21  -1.500e-01   6.000e-02   0.000e+00  4.803e-01  5.389e-17   -6.194  4.195e-17 -157.927  4.803e-01  141.438
    0   22  -1.500e-01   7.000e-02   0.000e+00  4.820e-01  5.313e-17   -2.259  4.209e-17 -164.922  4.820e-01  155.257
    0   23  -1.500e-01   8.000e-02   0.000e+00  5.122e-01  5.434e-17    1.196  4.088e-17 -170.718  5.122e-01  168.273
    0   24  -1.500e-01   9.000e-02   0.000e+00  5.611e-01  5.630e-17    3.461  3.864e-17 -174.915  5.611e-01  179.119
    0   25  -1.500e-01   1.000e-01   0.000e+00  6.177e-01  5.769e-17    4.699  3.576e-17 -177.677  6.177e-01 -172.199
    0   26  -1.500e-01   1.100e-01   0.000e+00  6.759e-01  5.763e-17    5.641  3.253e-17 -179.986  6.759e-01 -165.191
    0   27  -1.500e-01   1.200e-01   0.000e+00  7.347e-01  5.607e-17    7.229  2.899e-17  176.239  7.347e-01 -159.550
    0   28  -1.500e-01   1.300e-01   0.000e+00  7.950e-01  5.383e-17   10.281  2.496e-17  168.118  7.950e-01 -155.329
    0   29  -1.500e-01   1.400e-01   0.000e+00  8.570e-01  5.246e-17   14.907  2.075e-17  151.306  8.570e-01 -152.823
    0   30  -1.500e-01   1.500e-01   0.000e+00  9.178e-01  5.339e-17   19.838  1.898e-17  125.027  9.178e-01 -152.346
    1    0  -1.400e-01  -1.500e-01   0.000e+00  9.858e-01  5.315e-17   53.424  2.241e-17  -28.107  9.858e-01 -116.597
    1    1  -1.400e-01  -1.400e-01   0.000e+00  9.105e-01  5.283e-17   47.895  2.356e-17   -0.416  9.105e-01 -116.125
    1    2  -1.400e-01  -1.300e-01   0.000e+00  8.271e-01  5.509e-17   43.309  2.766e-17   18.936  8.271e-01 -117.949
    1    3  -1.400e-01  -1.200e-01   0.000e+00  7.440e-01  5.807e-17   40.862  3.112e-17   29.885  7.440e-01 -121.944
    1    4  -1.400e-01  -1.100e-01   0.000e+00  6.663e-01  6.001e-17   40.163  3.346e-17   35.879  6.663e-01 -127.832
    1    5  -1.400e-01  -1.000e-01   0.000e+00  5.952e-01  5.996e-17   40.190  3.513e-17   39.184  5.952e-01 -135.344
    1    6  -1.400e-01  -9.000e-02   0.000e+00  5.305e-01  5.801e-17   39.868  3.672e-17   41.654  5.305e-01 -144.498
    1    7  -1.400e-01  -8.000e-02   0.000e+00  4.747e-01  5.516e-17   38.308  3.846e-17   44.741  4.747e-01 -155.715
    1    8  -1.400e-01  -7.000e-02   0.000e+00  4.354e-01  5.295e-17   35.160  4.013e-17   49.116  4.354e-01 -169.382
    1    9  -1.400e-01  -6.000e-02   0.000e+00  4.233e-01  5.283e-17   31.088  4.120e-17   54.612  4.233e-01  175.302
    1   10  -1.400e-01  -5.000e-02   0.000e+00  4.431e-01  5.547e-17   27.565  4.093e-17   60.559  4.431e-01  160.850
    1   11  -1.400e-01  -4.000e-02   0.000e+00  4.873e-01  6.042e-17   25.675  3.846e-17   66.201  4.873e-01  149.616
    1   12  -1.400e-01  -3.000e-02   0.000e+00  5.411e-01  6.653e-17   25.381  3.306e-17   70.958  5.411e-01  142.104
    1   13  -1.400e-01  -2.000e-02   0.000e+00  5.899e-01  7.237e-17   25.952  2.445e-17   74.491  5.899e-01  137.609
    1   14  -1.400e-01  -1.000e-02   0.000e+00  6.234e-01  7.656e-17   26.625  1.304e-17   76.644  6.234e-01  135.284
    1   15  -1.400e-01   0.000e+00   0.000e+00  6.352e-01  7.808e-17   26.904  0.000e+00    0.000  6.352e-01  134.572
    1   16  -1.400e-01   1.000e-02   0.000e+00  6.234e-01  7.656e-17   26.625  1.304e-17 -103.356  6.234e-01  135.284
    1   17  -1.400e-01   2.000e-02   0.000e+00  5.899e-01  7.237e-17   25.952  2.445e-17 -105.509  5.899e-01  137.609
    1   18  -1.400e-01   3.000e-02   0.000e+00  5.411e-01  6.653e-17   25.381  3.306e-17 -109.042  5.411e-01  142.104
    1   19  -1.400e-01   4.000e-02   0.000e+00  4.873e-01  6.042e-17   25.675  3.846e-17 -113.799  4.873e-01  149.616
    1   20  -1.400e-01   5.000e-02   0.000e+00  4.431e-01  5.547e-17   27.565  4.093e-17 -119.441  4.431e-01  160.850
    1   21  -1.400e-01   6.000e-02   0.000e+00  4.233e-01  5.283e-17   31.088  4.120e-17 -125.388  4.233e-01  175.302
    1   22  -1.400e-01   7.000e-02   0.000e+00  4.354e-01  5.295e-17   35.160  4.013e-17 -130.884  4.354e-01 -169.382
    1   23  -1.400e-01   8.000e-02   0.000e+00  4.747e-01  5.516e-17   38.308  3.846e-17 -135.259  4.747e-01 -155.715
    1   24  -1.400e-01   9.000e-02   0.000e+00  5.305e-01  5.801e-17   39.868  3.672e-17 -138.346  5.305e-01 -144.498
    1   25  -1.400e-01   1.000e-01   0.000e+00  5.952e-01  5.996e-17   40.190  3.513e-17 -140.816  5.952e-01 -135.344
    1   26  -1.400e-01   1.100e-01   0.000e+00  6.663e-01  6.001e-17   40.163  3.346e-17 -144.121  6.663e-01 -127.832
    1   27  -1.400e-01   1.200e-01   0.000e+00  7.440e-01  5.807e-17   40.862  3.112e-17 -150.115  7.440e-01 -121.944
    1   28  -1.400e-01   1.300e-01   0.000e+00  8.271e-01  5.509e-17   43.309  2.766e-17 -161.064  8.271e-01 -117.949
    1   29  -1.400e-01   1.400e-01   0.000e+00  9.105e-01  5.283e-17   47.895  2.356e-17  179.584  9.105e-01 -116.125
    1   30  -1.400e-01   1.500e-01   0.000e+00  9.858e-01  5.315e-17   53.424  2.241e-17  151.893  9.858e-01 -116.597
    2    0  -1.300e-01  -1.500e-01   0.000e+00  1.038e+00  5.215e-17   93.318  2.465e-17   -2.260  1.038e+00  -81.967
    2    1  -1.300e-01  -1.400e-01   0.000e+00  9.562e-01  5.037e-17   85.373  2.530e-17   27.019  9.562e-01  -80.524
    2    2  -1.300e-01  -1.300e-01   0.000e+00  8.587e-01  5.293e-17   78.104  2.952e-17   48.763  8.587e-01  -81.340
    2    3  -1.300e-01  -1.200e-01   0.000e+00  7.572e-01  5.739e-17   74.287  3.299e-17   62.595  7.572e-01  -84.525
    2    4  -1.300e-01  -1.100e-01   0.000e+00  6.617e-01  6.093e-17   73.605  3.487e-17   71.458  6.617e-01  -90.008
    2    5  -1.300e-01  -1.000e-01   0.000e+00  5.776e-01  6.188e-17   74.602  3.554e-17   77.004  5.776e-01  -97.526
    2    6  -1.300e-01  -9.000e-02   0.000e+00  5.057e-01  5.997e-17   75.814  3.589e-17   80.409  5.057e-01 -106.835
    2    7  -1.300e-01  -8.000e-02   0.000e+00  4.456e-01  5.617e-17   75.922  3.664e-17   82.885  4.456e-01 -118.042
    2    8  -1.300e-01  -7.000e-02   0.000e+00  4.001e-01  5.234e-17   73.903  3.800e-17   85.513  4.001e-01 -131.604
    2    9  -1.300e-01  -6.000e-02   0.000e+00  3.773e-01  5.065e-17   69.740  3.948e-17   88.775  3.773e-01 -147.433
    2   10  -1.300e-01  -5.000e-02   0.000e+00  3.849e-01  5.259e-17   65.045  4.007e-17   92.485  3.849e-01 -163.575
    2   11  -1.300e-01  -4.000e-02   0.000e+00  4.203e-01  5.809e-17   61.835  3.854e-17   96.145  4.203e-01 -177.059
    2   12  -1.300e-01  -3.000e-02   0.000e+00  4.703e-01  6.571e-17   60.645  3.380e-17   99.299  4.703e-01  173.518
    2   13  -1.300e-01  -2.000e-02   0.000e+00  5.190e-01  7.339e-17   60.732  2.535e-17  101.666  5.190e-01  167.745
    2   14  -1.300e-01  -1.000e-02   0.000e+00  5.536e-01  7.905e-17   61.172  1.364e-17  103.115  5.536e-01  164.716
    2   15  -1.300e-01   0.000e+00   0.000e+00  5.660e-01  8.114e-17   61.381  0.000e+00    0.000  5.660e-01  163.780
    2   16  -1.300e-01   1.000e-02   0.000e+00  5.536e-01  7.905e-17   61.172  1.364e-17  -76.885  5.536e-01  164.716
    2   17  -1.300e-01   2.000e-02   0.000e+00  5.190e-01  7.339e-17   60.732  2.535e-17  -78.334  5.190e-01  167.745
    2   18  -1.300e-01   3.000e-02   0.000e+00  4.703e-01  6.571e-17   60.645  3.380e-17  -80.701  4.703e-01  173.518
    2   19  -1.300e-01   4.000e-02   0.000e+00  4.203e-01  5.809e-17   61.835  3.854e-17  -83.855  4.203e-01 -177.059
    2   20  -1.300e-01   5.000e-02   0.000e+00  3.849e-01  5.259e-17   65.045  4.007e-17  -87.515  3.849e-01 -163.575
    2   21  -1.300e-01   6.000e-02   0.000e+00  3.773e-01  5.065e-17   69.740  3.948e-17  -91.225  3.773e-01 -147.433
    2   22  -1.300e-01   7.000e-02   0.000e+00  4.001e-01  5.234e-17   73.903  3.800e-17  -94.487  4.001e-01 -131.604
    2   23  -1.300e-01   8.000e-02   0.000e+00  4.456e-01  5.617e-17   75.922  3.664e-17  -97.115  4.456e-01 -118.042
    2   24  -1.300e-01   9.000e-02   0.000e+00  5.057e-01  5.997e-17   75.814  3.589e-17  -99.591  5.057e-01 -106.835
    2   25  -1.300e-01   1.000e-01   0.000e+00  5.776e-01  6.188e-17   74.602  3.554e-17 -102.996  5.776e-01  -97.526
    2   26  -1.300e-01   1.100e-01   0.000e+00  6.617e-01  6.093e-17   73.605  3.487e-17 -108.542  6.617e-01  -90.008
    2   27  -1.300e-01   1.200e-01   0.000e+00  7.572e-01  5.739e-17   74.287  3.299e-17 -117.405  7.572e-01  -84.525
    2   28  -1.300e-01   1.300e-01   0.000e+00  8.587e-01  5.293e-17   78.104  2.952e-17 -131.237  8.587e-01  -81.340
    2   29  -1.300e-01   1.400e-01   0.000e+00  9.562e-01  5.037e-17   85.373  2.530e-17 -152.981  9.562e-01  -80.524
    2   30  -1.300e-01   1.500e-01   0.000e+00  1.038e+00  5.215e-17   93.318  2.465e-17  177.740  1.038e+00  -81.967
    3    0  -1.200e-01  -1.500e-01   0.000e+00  1.078e+00  5.415e-17  135.670  2.610e-17   23.499  1.078e+00  -47.092
    3    1  -1.200e-01  -1.400e-01   0.000e+00  9.960e-01  4.801e-17  126.398  2.643e-17   54.386  9.960e-01  -44.803
    3    2  -1.200e-01  -1.300e-01   0.000e+00  8.898e-01  4.856e-17  114.512  3.103e-17   78.200  8.898e-01  -44.605
    3    3  -1.200e-01  -1.200e-01   0.000e+00  7.736e-01  5.400e-17  106.981  3.503e-17   94.487  7.736e-01  -46.814
    3    4  -1.200e-01  -1.100e-01   0.000e+00  6.614e-01  5.992e-17  105.092  3.722e-17  106.019  6.614e-01  -51.665
    3    5  -1.200e-01  -1.000e-01   0.000e+00  5.637e-01  6.320e-17  106.775  3.767e-17  114.206  5.637e-01  -59.152
    3    6  -1.200e-01  -9.000e-02   0.000e+00  4.850e-01  6.276e-17  109.954  3.718e-17  119.641  4.850e-01  -68.966
    3    7  -1.200e-01  -8.000e-02   0.000e+00  4.241e-01  5.916e-17  112.899  3.673e-17  122.780  4.241e-01  -80.770
    3    8  -1.200e-01  -7.000e-02   0.000e+00  3.798e-01  5.415e-17  113.914  3.702e-17  124.399  3.798e-01  -94.571
    3    9  -1.200e-01  -6.000e-02   0.000e+00  3.547e-01  5.026e-17  111.565  3.799e-17  125.475  3.547e-01 -110.412
    3   10  -1.200e-01  -5.000e-02   0.000e+00  3.551e-01  5.014e-17  106.086  3.871e-17  126.646  3.551e-01 -127.125
    3   11  -1.200e-01  -4.000e-02   0.000e+00  3.820e-01  5.505e-17  100.195  3.771e-17  127.990  3.820e-01 -142.044
    3   12  -1.200e-01  -3.000e-02   0.000e+00  4.262e-01  6.382e-17   96.294  3.355e-17  129.291  4.262e-01 -153.137
    3   13  -1.200e-01  -2.000e-02   0.000e+00  4.723e-01  7.357e-17   94.481  2.546e-17  130.333  4.723e-01 -160.234
    3   14  -1.200e-01  -1.000e-02   0.000e+00  5.063e-01  8.107e-17   93.856  1.380e-17  130.993  5.063e-01 -164.058
    3   15  -1.200e-01   0.000e+00   0.000e+00  5.187e-01  8.388e-17   93.724  0.000e+00    0.000  5.187e-01 -165.255
    3   16  -1.200e-01   1.000e-02   0.000e+00  5.063e-01  8.107e-17   93.856  1.380e-17  -49.007  5.063e-01 -164.058
    3   17  -1.200e-01   2.000e-02   0.000e+00  4.723e-01  7.357e-17   94.481  2.546e-17  -49.667  4.723e-01 -160.234
    3   18  -1.200e-01   3.000e-02   0.000e+00  4.262e-01  6.382e-17   96.294  3.355e-17  -50.709  4.262e-01 -153.137
    3   19  -1.200e-01   4.000e-02   0.000e+00  3.820e-01  5.505e-17  100.195  3.771e-17  -52.010  3.820e-01 -142.044
    3   20  -1.200e-01   5.000e-02   0.000e+00  3.551e-01  5.014e-17  106.086  3.871e-17  -53.354  3.551e-01 -127.125
    3   21  -1.200e-01   6.000e-02   0.000e+00  3.547e-01  5.026e-17  111.565  3.799e-17  -54.525  3.547e-01 -110.412
    3   22  -1.200e-01   7.000e-02   0.000e+00  3.798e-01  5.415e-17  113.914  3.702e-17  -55.601  3.798e-01  -94.571
    3   23  -1.200e-01   8.000e-02   0.000e+00  4.241e-01  5.916e-17  112.899  3.673e-17  -57.220  4.241e-01  -80.770
    3   24  -1.200e-01   9.000e-02   0.000e+00  4.850e-01  6.276e-17  109.954  3.718e-17  -60.359  4.850e-01  -68.966
    3   25  -1.200e-01   1.000e-01   0.000e+00  5.637e-01  6.320e-17  106.775  3.767e-17  -65.794  5.637e-01  -59.152
    3   26  -1.200e-01   1.100e-01   0.000e+00  6.614e-01  5.992e-17  105.092  3.722e-17  -73.981  6.614e-01  -51.665
    3   27  -1.200e-01   1.200e-01   0.000e+00  7.736e-01  5.400e-17  106.981  3.503e-17  -85.513  7.736e-01  -46.814
    3   28  -1.200e-01   1.300e-01   0.000e+00  8.898e-01  4.856e-17  114.512  3.103e-17 -101.800  8.898e-01  -44.605
    3   29  -1.200e-01   1.400e-01   0.000e+00  9.960e-01  4.801e-17  126.398  2.643e-17 -125.614  9.960e-01  -44.803
    3   30  -1.200e-01   1.500e-01   0.000e+00  1.078e+00  5.415e-17  135.670  2.610e-17 -156.501  1.078e+00  -47.092
    4    0  -1.100e-01  -1.500e-01   0.000e+00  1.127e+00  6.096e-17  176.945  2.703e-17   48.778  1.127e+00  -11.980
    4    1  -1.100e-01  -1.400e-01   0.000e+00  1.047e+00  4.877e-17  170.885  2.720e-17   81.131  1.047e+00   -8.934
    4    2  -1.100e-01  -1.300e-01   0.000e+00  9.334e-01  4.338e-17  155.660  3.234e-17  106.552  9.334e-01   -7.723
    4    3  -1.100e-01  -1.200e-01   0.000e+00  8.023e-01  4.727e-17  141.250  3.720e-17  124.649  8.023e-01   -8.793
    4    4  -1.100e-01  -1.100e-01   0.000e+00  6.700e-01  5.539e-17  135.713  4.018e-17  138.229  6.700e-01  -12.700
    4    5  -1.100e-01  -1.000e-01   0.000e+00  5.520e-01  6.210e-17  136.974  4.103e-17  148.759  5.520e-01  -19.952
    4    6  -1.100e-01  -9.000e-02   0.000e+00  4.588e-01  6.488e-17  141.659  4.031e-17  156.632  4.588e-01  -30.678
    4    7  -1.100e-01  -8.000e-02   0.000e+00  3.932e-01  6.352e-17  147.423  3.898e-17  161.702  3.932e-01  -44.369
    4    8  -1.100e-01  -7.000e-02   0.000e+00  3.523e-01  5.923e-17  152.212  3.802e-17  163.893  3.523e-01  -60.190
    4    9  -1.100e-01  -6.000e-02   0.000e+00  3.330e-01  5.415e-17  153.677  3.789e-17  163.797  3.330e-01  -77.441
    4   10  -1.100e-01  -5.000e-02   0.000e+00  3.365e-01  5.121e-17  149.810  3.813e-17  162.609  3.365e-01  -95.008
    4   11  -1.100e-01  -4.000e-02   0.000e+00  3.631e-01  5.342e-17  141.570  3.726e-17  161.342  3.631e-01 -110.782
    4   12  -1.100e-01  -3.000e-02   0.000e+00  4.058e-01  6.139e-17  133.336  3.346e-17  160.399  4.058e-01 -122.880
    4   13  -1.100e-01  -2.000e-02   0.000e+00  4.511e-01  7.210e-17  127.949  2.563e-17  159.807  4.511e-01 -130.882
    4   14  -1.100e-01  -1.000e-02   0.000e+00  4.850e-01  8.098e-17  125.266  1.398e-17  159.492  4.850e-01 -135.301
    4   15  -1.100e-01   0.000e+00   0.000e+00  4.975e-01  8.440e-17  124.481  0.000e+00    0.000  4.975e-01 -136.702
    4   16  -1.100e-01   1.000e-02   0.000e+00  4.850e-01  8.098e-17  125.266  1.398e-17  -20.508  4.850e-01 -135.301
    4   17  -1.100e-01   2.000e-02   0.000e+00  4.511e-01  7.210e-17  127.949  2.563e-17  -20.193  4.511e-01 -130.882
    4   18  -1.100e-01   3.000e-02   0.000e+00  4.058e-01  6.139e-17  133.336  3.346e-17  -19.601  4.058e-01 -122.880
    4   19  -1.100e-01   4.000e-02   0.000e+00  3.631e-01  5.342e-17  141.570  3.726e-17  -18.658  3.631e-01 -110.782
    4   20  -1.100e-01   5.000e-02   0.000e+00  3.365e-01  5.121e-17  149.810  3.813e-17  -17.391  3.365e-01  -95.008
    4   21  -1.100e-01   6.000e-02   0.000e+00  3.330e-01  5.415e-17  153.677  3.789e-17  -16.203  3.330e-01  -77.441
    4   22  -1.100e-01   7.000e-02   0.000e+00  3.523e-01  5.923e-17  152.212  3.802e-17  -16.107  3.523e-01  -60.190
    4   23  -1.100e-01   8.000e-02   0.000e+00  3.932e-01  6.352e-17  147.423  3.898e-17  -18.298  3.932e-01  -44.369
    4   24  -1.100e-01   9.000e-02   0.000e+00  4.588e-01  6.488e-17  141.659  4.031e-17  -23.368  4.588e-01  -30.678
    4   25  -1.100e-01   1.000e-01   0.000e+00  5.520e-01  6.210e-17  136.974  4.103e-17  -31.241  5.520e-01  -19.952
    4   26  -1.100e-01   1.100e-01   0.000e+00  6.700e-01  5.539e-17  135.713  4.018e-17  -41.771  6.700e-01  -12.700
    4   27  -1.100e-01   1.200e-01   0.000e+00  8.023e-01  4.727e-17  141.250  3.720e-17  -55.351  8.023e-01   -8.793
    4   28  -1.100e-01   1.300e-01   0.000e+00  9.334e-01  4.338e-17  155.660  3.234e-17  -73.448  9.334e-01   -7.723
    4   29  -1.100e-01   1.400e-01   0.000e+00  1.047e+00  4.877e-17  170.885  2.720e-17  -98.869  1.047e+00   -8.934
    4   30  -1.100e-01   1.500e-01   0.000e+00  1.127e+00  6.096e-17  176.945  2.703e-17 -131.222  1.127e+00  -11.980
    5    0  -1.000e-01  -1.500e-01   0.000e+00  1.190e+00  7.187e-17 -145.729  2.728e-17   73.071  1.190e+00   22.435
    5    1  -1.000e-01  -1.400e-01   0.000e+00  1.113e+00  5.523e-17 -145.128  2.739e-17  106.656  1.113e+00   26.168
    5    2  -1.000e-01  -1.300e-01   0.000e+00  9.951e-01  4.140e-17 -156.260  3.302e-17  133.288  9.951e-01   28.428
    5    3  -1.000e-01  -1.200e-01   0.000e+00  8.496e-01  3.855e-17 -178.370  3.871e-17  152.712  8.496e-01   28.765
    5    4  -1.000e-01  -1.100e-01   0.000e+00  6.944e-01  4.674e-17  167.558  4.260e-17  167.877  6.944e-01   26.476
    5    5  -1.000e-01  -1.000e-01   0.000e+00  5.482e-01  5.718e-17  166.033  4.419e-17 -179.592  5.482e-01   20.541
    5    6  -1.000e-01  -9.000e-02   0.000e+00  4.277e-01  6.452e-17  171.078  4.382e-17 -169.307  4.277e-01    9.798
    5    7  -1.000e-01  -8.000e-02   0.000e+00  3.439e-01  6.731e-17  178.821  4.229e-17 -161.746  3.439e-01   -6.278
    5    8  -1.000e-01  -7.000e-02   0.000e+00  2.987e-01  6.596e-17 -173.250  4.050e-17 -157.810  2.987e-01  -26.392
    5    9  -1.000e-01  -6.000e-02   0.000e+00  2.860e-01  6.185e-17 -167.724  3.922e-17 -157.957  2.860e-01  -47.810
    5   10  -1.000e-01  -5.000e-02   0.000e+00  2.985e-01  5.721e-17 -167.750  3.860e-17 -161.234  2.985e-01  -68.095
    5   11  -1.000e-01  -4.000e-02   0.000e+00  3.316e-01  5.550e-17 -175.417  3.745e-17 -165.574  3.316e-01  -85.384
    5   12  -1.000e-01  -3.000e-02   0.000e+00  3.779e-01  5.982e-17  172.354  3.373e-17 -169.365  3.779e-01  -98.437
    5   13  -1.000e-01  -2.000e-02   0.000e+00  4.252e-01  6.918e-17  162.006  2.598e-17 -172.040  4.252e-01 -107.110
    5   14  -1.000e-01  -1.000e-02   0.000e+00  4.602e-01  7.827e-17  156.171  1.423e-17 -173.579  4.602e-01 -111.948
    5   15  -1.000e-01   0.000e+00   0.000e+00  4.731e-01  8.196e-17  154.372  0.000e+00    0.000  4.731e-01 -113.491
    5   16  -1.000e-01   1.000e-02   0.000e+00  4.602e-01  7.827e-17  156.171  1.423e-17    6.421  4.602e-01 -111.948
    5   17  -1.000e-01   2.000e-02   0.000e+00  4.252e-01  6.918e-17  162.006  2.598e-17    7.960  4.252e-01 -107.110
    5   18  -1.000e-01   3.000e-02   0.000e+00  3.779e-01  5.982e-17  172.354  3.373e-17   10.635  3.779e-01  -98.437
    5   19  -1.000e-01   4.000e-02   0.000e+00  3.316e-01  5.550e-17 -175.417  3.745e-17   14.426  3.316e-01  -85.384
    5   20  -1.000e-01   5.000e-02   0.000e+00  2.985e-01  5.721e-17 -167.750  3.860e-17   18.766  2.985e-01  -68.095
    5   21  -1.000e-01   6.000e-02   0.000e+00  2.860e-01  6.185e-17 -167.724  3.922e-17   22.043  2.860e-01  -47.810
    5   22  -1.000e-01   7.000e-02   0.000e+00  2.987e-01  6.596e-17 -173.250  4.050e-17   22.190  2.987e-01  -26.392
    5   23  -1.000e-01   8.000e-02   0.000e+00  3.439e-01  6.731e-17  178.821  4.229e-17   18.254  3.439e-01   -6.278
    5   24  -1.000e-01   9.000e-02   0.000e+00  4.277e-01  6.452e-17  171.078  4.382e-17   10.693  4.277e-01    9.798
    5   25  -1.000e-01   1.000e-01   0.000e+00  5.482e-01  5.718e-17  166.033  4.419e-17    0.408  5.482e-01   20.541
    5   26  -1.000e-01   1.100e-01   0.000e+00  6.944e-01  4.674e-17  167.558  4.260e-17  -12.123  6.944e-01   26.476
    5   27  -1.000e-01   1.200e-01   0.000e+00  8.496e-01  3.855e-17 -178.370  3.871e-17  -27.288  8.496e-01   28.765
    5   28  -1.000e-01   1.300e-01   0.000e+00  9.951e-01  4.140e-17 -156.260  3.302e-17  -46.712  9.951e-01   28.428
    5   29  -1.000e-01   1.400e-01   0.000e+00  1.113e+00  5.523e-17 -145.128  2.739e-17  -73.344  1.113e+00   26.168
    5   30  -1.000e-01   1.500e-01   0.000e+00  1.190e+00  7.187e-17 -145.729  2.728e-17 -106.929  1.190e+00   22.435
    6    0  -9.000e-02  -1.500e-01   0.000e+00  1.251e+00  8.467e-17 -112.684  2.652e-17   96.477  1.251e+00   55.651
    6    1  -9.000e-02  -1.400e-01   0.000e+00  1.183e+00  6.719e-17 -106.091  2.658e-17  131.106  1.183e+00   59.972
    6    2  -9.000e-02  -1.300e-01   0.000e+00  1.065e+00  4.744e-17 -107.059  3.246e-17  158.750  1.065e+00   63.248
    6    3  -9.000e-02  -1.200e-01   0.000e+00  9.104e-01  3.308e-17 -125.447  3.872e-17  179.312  9.104e-01   65.145
    6    4  -9.000e-02  -1.100e-01   0.000e+00  7.369e-01  3.498e-17 -154.556  4.343e-17 -164.085  7.369e-01   65.063
    6    5  -9.000e-02  -1.000e-01   0.000e+00  5.637e-01  4.769e-17 -164.626  4.598e-17 -149.654  5.637e-01   61.938
    6    6  -9.000e-02  -9.000e-02   0.000e+00  4.094e-01  6.008e-17 -161.244  4.658e-17 -136.986  4.094e-01   53.903
    6    7  -9.000e-02  -8.000e-02   0.000e+00  2.914e-01  6.830e-17 -152.578  4.572e-17 -126.777  2.914e-01   38.068
    6    8  -9.000e-02  -7.000e-02   0.000e+00  2.240e-01  7.174e-17 -142.349  4.387e-17 -120.549  2.240e-01   12.486
    6    9  -9.000e-02  -6.000e-02   0.000e+00  2.093e-01  7.094e-17 -133.356  4.156e-17 -120.002  2.093e-01  -17.805
    6   10  -9.000e-02  -5.000e-02   0.000e+00  2.308e-01  6.698e-17 -129.110  3.946e-17 -125.424  2.308e-01  -44.274
    6   11  -9.000e-02  -4.000e-02   0.000e+00  2.720e-01  6.235e-17 -133.764  3.737e-17 -133.854  2.720e-01  -64.527
    6   12  -9.000e-02  -3.000e-02   0.000e+00  3.225e-01  6.088e-17 -147.332  3.337e-17 -141.526  3.225e-01  -79.006
    6   13  -9.000e-02  -2.000e-02   0.000e+00  3.716e-01  6.565e-17 -162.894  2.569e-17 -146.926  3.716e-01  -88.463
    6   14  -9.000e-02  -1.000e-02   0.000e+00  4.071e-01  7.301e-17 -173.067  1.408e-17 -149.997  4.071e-01  -93.723
    6   15  -9.000e-02   0.000e+00   0.000e+00  4.201e-01  7.640e-17 -176.344  0.000e+00    0.000  4.201e-01  -95.403
    6   16  -9.000e-02   1.000e-02   0.000e+00  4.071e-01  7.301e-17 -173.067  1.408e-17   30.003  4.071e-01  -93.723
    6   17  -9.000e-02   2.000e-02   0.000e+00  3.716e-01  6.565e-17 -162.894  2.569e-17   33.074  3.716e-01  -88.463
    6   18  -9.000e-02   3.000e-02   0.000e+00  3.225e-01  6.088e-17 -147.332  3.337e-17   38.474  3.225e-01  -79.006
    6   19  -9.000e-02   4.000e-02   0.000e+00  2.720e-01  6.235e-17 -133.764  3.737e-17   46.146  2.720e-01  -64.527
    6   20  -9.000e-02   5.000e-02   0.000e+00  2.308e-01  6.698e-17 -129.110  3.946e-17   54.576  2.308e-01  -44.274
    6   21  -9.000e-02   6.000e-02   0.000e+00  2.093e-01  7.094e-17 -133.356  4.156e-17   59.998  2.093e-01  -17.805
    6   22  -9.000e-02   7.000e-02   0.000e+00  2.240e-01  7.174e-17 -142.349  4.387e-17   59.451  2.240e-01   12.486
    6   23  -9.000e-02   8.000e-02   0.000e+00  2.914e-01  6.830e-17 -152.578  4.572e-17   53.223  2.914e-01   38.068
    6   24  -9.000e-02   9.000e-02   0.000e+00  4.094e-01  6.008e-17 -161.244  4.658e-17   43.014  4.094e-01   53.903
    6   25  -9.000e-02   1.000e-01   0.000e+00  5.637e-01  4.769e-17 -164.626  4.598e-17   30.346  5.637e-01   61.938
    6   26  -9.000e-02   1.100e-01   0.000e+00  7.369e-01  3.498e-17 -154.556  4.343e-17   15.915  7.369e-01   65.063
    6   27  -9.000e-02   1.200e-01   0.000e+00  9.104e-01  3.308e-17 -125.447  3.872e-17   -0.688  9.104e-01   65.145
    6   28  -9.000e-02   1.300e-01   0.000e+00  1.065e+00  4.744e-17 -107.059  3.246e-17  -21.250  1.065e+00   63.248
    6   29  -9.000e-02   1.400e-01   0.000e+00  1.183e+00  6.719e-17 -106.091  2.658e-17  -48.894  1.183e+00   59.972
    6   30  -9.000e-02   1.500e-01   0.000e+00  1.251e+00  8.467e-17 -112.684  2.652e-17  -83.523  1.251e+00   55.651
    7    0  -8.000e-02  -1.500e-01   0.000e+00  1.293e+00  9.683e-17  -83.068  2.460e-17  119.780  1.293e+00   88.081
    7    1  -8.000e-02  -1.400e-01   0.000e+00  1.238e+00  8.190e-17  -72.774  2.462e-17  155.344  1.238e+00   92.828
    7    2  -8.000e-02  -1.300e-01   0.000e+00  1.128e+00  6.118e-17  -65.824  3.041e-17 -176.086  1.128e+00   96.969
    7    3  -8.000e-02  -1.200e-01   0.000e+00  9.743e-01  3.885e-17  -68.278  3.691e-17 -154.445  9.743e-01  100.304
    7    4  -8.000e-02  -1.100e-01   0.000e+00  7.943e-01  2.529e-17  -98.231  4.233e-17 -136.454  7.943e-01  102.455
    7    5  -8.000e-02  -1.000e-01   0.000e+00  6.060e-01  3.386e-17 -131.432  4.610e-17 -120.211  6.060e-01  102.717
    7    6  -8.000e-02  -9.000e-02   0.000e+00  4.271e-01  5.043e-17 -134.559  4.841e-17 -105.325  4.271e-01   99.686
    7    7  -8.000e-02  -8.000e-02   0.000e+00  2.734e-01  6.460e-17 -126.290  4.941e-17  -92.627  2.734e-01   90.211
    7    8  -8.000e-02  -7.000e-02   0.000e+00  1.623e-01  7.427e-17 -114.323  4.873e-17  -83.908  1.623e-01   66.537
    7    9  -8.000e-02  -6.000e-02   0.000e+00  1.206e-01  7.928e-17 -102.152  4.569e-17  -81.773  1.206e-01   20.600
    7   10  -8.000e-02  -5.000e-02   0.000e+00  1.455e-01  7.930e-17  -93.746  4.072e-17  -89.073  1.455e-01  -21.251
    7   11  -8.000e-02  -4.000e-02   0.000e+00  1.925e-01  7.391e-17  -95.633  3.593e-17 -103.132  1.925e-01  -46.799
    7   12  -8.000e-02  -3.000e-02   0.000e+00  2.434e-01  6.570e-17 -107.916  3.095e-17 -116.321  2.434e-01  -63.248
    7   13  -8.000e-02  -2.000e-02   0.000e+00  2.901e-01  6.217e-17 -126.936  2.355e-17 -125.395  2.901e-01  -73.693
    7   14  -8.000e-02  -1.000e-02   0.000e+00  3.233e-01  6.485e-17 -142.415  1.286e-17 -130.399  3.233e-01  -79.463
    7   15  -8.000e-02   0.000e+00   0.000e+00  3.353e-01  6.706e-17 -147.819  0.000e+00    0.000  3.353e-01  -81.303
    7   16  -8.000e-02   1.000e-02   0.000e+00  3.233e-01  6.485e-17 -142.415  1.286e-17   49.601  3.233e-01  -79.463
    7   17  -8.000e-02   2.000e-02   0.000e+00  2.901e-01  6.217e-17 -126.936  2.355e-17   54.605  2.901e-01  -73.693
    7   18  -8.000e-02   3.000e-02   0.000e+00  2.434e-01  6.570e-17 -107.916  3.095e-17   63.679  2.434e-01  -63.248
    7   19  -8.000e-02   4.000e-02   0.000e+00  1.925e-01  7.391e-17  -95.633  3.593e-17   76.868  1.925e-01  -46.799
    7   20  -8.000e-02   5.000e-02   0.000e+00  1.455e-01  7.930e-17  -93.746  4.072e-17   90.927  1.455e-01  -21.251
    7   21  -8.000e-02   6.000e-02   0.000e+00  1.206e-01  7.928e-17 -102.152  4.569e-17   98.227  1.206e-01   20.600
    7   22  -8.000e-02   7.000e-02   0.000e+00  1.623e-01  7.427e-17 -114.323  4.873e-17   96.092  1.623e-01   66.537
    7   23  -8.000e-02   8.000e-02   0.000e+00  2.734e-01  6.460e-17 -126.290  4.941e-17   87.373  2.734e-01   90.211
    7   24  -8.000e-02   9.000e-02   0.000e+00  4.271e-01  5.043e-17 -134.559  4.841e-17   74.675  4.271e-01   99.686
    7   25  -8.000e-02   1.000e-01   0.000e+00  6.060e-01  3.386e-17 -131.432  4.610e-17   59.789  6.060e-01  102.717
    7   26  -8.000e-02   1.100e-01   0.000e+00  7.943e-01  2.529e-17  -98.231  4.233e-17   43.546  7.943e-01  102.455
    7   27  -8.000e-02   1.200e-01   0.000e+00  9.743e-01  3.885e-17  -68.278  3.691e-17   25.555  9.743e-01  100.304
    7   28  -8.000e-02   1.300e-01   0.000e+00  1.128e+00  6.118e-17  -65.824  3.041e-17    3.914  1.128e+00   96.969
    7   29  -8.000e-02   1.400e-01   0.000e+00  1.238e+00  8.190e-17  -72.774  2.462e-17  -24.656  1.238e+00   92.828
    7   30  -8.000e-02   1.500e-01   0.000e+00  1.293e+00  9.683e-17  -83.068  2.460e-17  -60.220  1.293e+00   88.081
    8    0  -7.000e-02  -1.500e-01   0.000e+00  1.310e+00  1.058e-16  -55.889  2.179e-17  144.275  1.310e+00  120.472
    8    1  -7.000e-02  -1.400e-01   0.000e+00  1.272e+00  9.589e-17  -43.766  2.179e-17 -179.368  1.272e+00  125.428
    8    2  -7.000e-02  -1.300e-01   0.000e+00  1.177e+00  7.798e-17  -32.805  2.721e-17 -150.011  1.177e+00  130.170
    8    3  -7.000e-02  -1.200e-01   0.000e+00  1.034e+00  5.454e-17  -24.887  3.364e-17 -127.460  1.034e+00  134.583
    8    4  -7.000e-02  -1.100e-01   0.000e+00  8.597e-01  3.002e-17  -28.471  3.957e-17 -108.343  8.597e-01  138.456
    8    5  -7.000e-02  -1.000e-01   0.000e+00  6.707e-01  1.893e-17  -77.933  4.472e-17  -90.732  6.707e-01  141.413
    8    6  -7.000e-02  -9.000e-02   0.000e+00  4.832e-01  3.496e-17 -107.190  4.936e-17  -74.312  4.832e-01  142.767
    8    7  -7.000e-02  -8.000e-02   0.000e+00  3.109e-01  5.459e-17 -102.220  5.355e-17  -59.944  3.109e-01  141.113
    8    8  -7.000e-02  -7.000e-02   0.000e+00  1.653e-01  7.137e-17  -89.070  5.617e-17  -49.218  1.653e-01  132.542
    8    9  -7.000e-02  -6.000e-02   0.000e+00  6.212e-02  8.528e-17  -73.600  5.415e-17  -44.617  6.212e-02   96.138
    8   10  -7.000e-02  -5.000e-02   0.000e+00  6.389e-02  9.559e-17  -60.318  4.378e-17  -52.126  6.389e-02    3.267
    8   11  -7.000e-02  -4.000e-02   0.000e+00  1.121e-01  8.979e-17  -61.983  3.232e-17  -72.919  1.121e-01  -32.294
    8   12  -7.000e-02  -3.000e-02   0.000e+00  1.565e-01  7.362e-17  -71.998  2.523e-17  -93.643  1.565e-01  -50.728
    8   13  -7.000e-02  -2.000e-02   0.000e+00  1.943e-01  5.845e-17  -90.628  1.859e-17 -107.636  1.943e-01  -62.181
    8   14  -7.000e-02  -1.000e-02   0.000e+00  2.204e-01  5.259e-17 -111.223  1.007e-17 -115.032  2.204e-01  -68.505
    8   15  -7.000e-02   0.000e+00   0.000e+00  2.299e-01  5.231e-17 -119.761  0.000e+00    0.000  2.299e-01  -70.522
    8   16  -7.000e-02   1.000e-02   0.000e+00  2.204e-01  5.259e-17 -111.223  1.007e-17   64.968  2.204e-01  -68.505
    8   17  -7.000e-02   2.000e-02   0.000e+00  1.943e-01  5.845e-17  -90.628  1.859e-17   72.364  1.943e-01  -62.181
    8   18  -7.000e-02   3.000e-02   0.000e+00  1.565e-01  7.362e-17  -71.998  2.523e-17   86.357  1.565e-01  -50.728
    8   19  -7.000e-02   4.000e-02   0.000e+00  1.121e-01  8.979e-17  -61.983  3.232e-17  107.081  1.121e-01  -32.294
    8   20  -7.000e-02   5.000e-02   0.000e+00  6.389e-02  9.559e-17  -60.318  4.378e-17  127.874  6.389e-02    3.267
    8   21  -7.000e-02   6.000e-02   0.000e+00  6.212e-02  8.528e-17  -73.600  5.415e-17  135.383  6.212e-02   96.138
    8   22  -7.000e-02   7.000e-02   0.000e+00  1.653e-01  7.137e-17  -89.070  5.617e-17  130.782  1.653e-01  132.542
    8   23  -7.000e-02   8.000e-02   0.000e+00  3.109e-01  5.459e-17 -102.220  5.355e-17  120.056  3.109e-01  141.113
    8   24  -7.000e-02   9.000e-02   0.000e+00  4.832e-01  3.496e-17 -107.190  4.936e-17  105.688  4.832e-01  142.767
    8   25  -7.000e-02   1.000e-01   0.000e+00  6.707e-01  1.893e-17  -77.933  4.472e-17   89.268  6.707e-01  141.413
    8   26  -7.000e-02   1.100e-01   0.000e+00  8.597e-01  3.002e-17  -28.471  3.957e-17   71.657  8.597e-01  138.456
    8   27  -7.000e-02   1.200e-01   0.000e+00  1.034e+00  5.454e-17  -24.887  3.364e-17   52.540  1.034e+00  134.583
    8   28  -7.000e-02   1.300e-01   0.000e+00  1.177e+00  7.798e-17  -32.805  2.721e-17   29.989  1.177e+00  130.170
    8   29  -7.000e-02   1.400e-01   0.000e+00  1.272e+00  9.589e-17  -43.766  2.179e-17    0.632  1.272e+00  125.428
    8   30  -7.000e-02   1.500e-01   0.000e+00  1.310e+00  1.058e-16  -55.889  2.179e-17  -35.725  1.310e+00  120.472
    9    0  -6.000e-02  -1.500e-01   0.000e+00  1.311e+00  1.092e-16  -30.199  1.884e-17  171.457  1.311e+00  153.278
    9    1  -6.000e-02  -1.400e-01   0.000e+00  1.290e+00  1.059e-16  -17.494  1.880e-17 -151.735  1.290e+00  158.215
    9    2  -6.000e-02  -1.300e-01   0.000e+00  1.212e+00  9.326e-17   -4.847  2.364e-17 -121.863  1.212e+00  163.249
    9    3  -6.000e-02  -1.200e-01   0.000e+00  1.086e+00  7.300e-17    7.331  2.961e-17  -98.748  1.086e+00  168.282
    9    4  -6.000e-02  -1.100e-01   0.000e+00  9.250e-01  4.779e-17   17.465  3.563e-17  -79.062  9.250e-01  173.169
    9    5  -6.000e-02  -1.000e-01   0.000e+00  7.446e-01  2.158e-17   15.562  4.169e-17  -60.952  7.446e-01  177.677
    9    6  -6.000e-02  -9.000e-02   0.000e+00  5.588e-01  1.448e-17  -66.190  4.841e-17  -44.197  5.588e-01 -178.546
    9    7  -6.000e-02  -8.000e-02   0.000e+00  3.804e-01  3.667e-17  -80.785  5.640e-17  -29.621  3.804e-01 -176.028
    9    8  -6.000e-02  -7.000e-02   0.000e+00  2.202e-01  5.957e-17  -67.905  6.524e-17  -18.463  2.202e-01 -175.637
    9    9  -6.000e-02  -6.000e-02   0.000e+00  8.855e-02  8.444e-17  -49.125  7.060e-17  -12.223  8.855e-02 -179.699
    9   10  -6.000e-02  -5.000e-02   0.000e+00  7.339e-03  1.252e-16  -28.629  5.061e-17  -17.343  7.339e-03   51.535
    9   11  -6.000e-02  -4.000e-02   0.000e+00  4.718e-02  1.078e-16  -33.807  2.398e-17  -44.349  4.718e-02  -23.681
    9   12  -6.000e-02  -3.000e-02   0.000e+00  7.526e-02  8.073e-17  -40.981  1.507e-17  -74.296  7.526e-02  -42.082
    9   13  -6.000e-02  -2.000e-02   0.000e+00  9.677e-02  5.307e-17  -53.603  1.046e-17  -94.495  9.677e-02  -54.098
    9   14  -6.000e-02  -1.000e-02   0.000e+00  1.113e-01  3.530e-17  -74.478  5.598e-18 -104.565  1.113e-01  -60.866
    9   15  -6.000e-02   0.000e+00   0.000e+00  1.165e-01  3.065e-17  -87.603  0.000e+00    0.000  1.165e-01  -63.037
    9   16  -6.000e-02   1.000e-02   0.000e+00  1.113e-01  3.530e-17  -74.478  5.598e-18   75.435  1.113e-01  -60.866
    9   17  -6.000e-02   2.000e-02   0.000e+00  9.677e-02  5.307e-17  -53.603  1.046e-17   85.505  9.677e-02  -54.098
    9   18  -6.000e-02   3.000e-02   0.000e+00  7.526e-02  8.073e-17  -40.981  1.507e-17  105.704  7.526e-02  -42.082
    9   19  -6.000e-02   4.000e-02   0.000e+00  4.718e-02  1.078e-16  -33.807  2.398e-17  135.651  4.718e-02  -23.681
    9   20  -6.000e-02   5.000e-02   0.000e+00  7.339e-03  1.252e-16  -28.629  5.061e-17  162.657  7.339e-03   51.535
    9   21  -6.000e-02   6.000e-02   0.000e+00  8.855e-02  8.444e-17  -49.125  7.060e-17  167.777  8.855e-02 -179.699
    9   22  -6.000e-02   7.000e-02   0.000e+00  2.202e-01  5.957e-17  -67.905  6.524e-17  161.537  2.202e-01 -175.637
    9   23  -6.000e-02   8.000e-02   0.000e+00  3.804e-01  3.667e-17  -80.785  5.640e-17  150.379  3.804e-01 -176.028
    9   24  -6.000e-02   9.000e-02   0.000e+00  5.588e-01  1.448e-17  -66.190  4.841e-17  135.803  5.588e-01 -178.546
    9   25  -6.000e-02   1.000e-01   0.000e+00  7.446e-01  2.158e-17   15.562  4.169e-17  119.048  7.446e-01  177.677
    9   26  -6.000e-02   1.100e-01   0.000e+00  9.250e-01  4.779e-17   17.465  3.563e-17  100.938  9.250e-01  173.169
    9   27  -6.000e-02   1.200e-01   0.000e+00  1.086e+00  7.300e-17    7.331  2.961e-17   81.252  1.086e+00  168.282
    9   28  -6.000e-02   1.300e-01   0.000e+00  1.212e+00  9.326e-17   -4.847  2.364e-17   58.137  1.212e+00  163.249
    9   29  -6.000e-02   1.400e-01   0.000e+00  1.290e+00  1.059e-16  -17.494  1.880e-17   28.265  1.290e+00  158.215
    9   30  -6.000e-02   1.500e-01   0.000e+00  1.311e+00  1.092e-16  -30.199  1.884e-17   -8.543  1.311e+00  153.278
   10    0  -5.000e-02  -1.500e-01   0.000e+00  1.306e+00  1.055e-16   -4.973  1.677e-17 -158.258  1.306e+00 -173.519
   10    1  -5.000e-02  -1.400e-01   0.000e+00  1.299e+00  1.091e-16    7.357  1.656e-17 -121.456  1.299e+00 -168.733
   10    2  -5.000e-02  -1.300e-01   0.000e+00  1.236e+00  1.034e-16   20.387  2.067e-17  -91.092  1.236e+00 -163.642
   10    3  -5.000e-02  -1.200e-01   0.000e+00  1.126e+00  8.898e-17   34.033  2.585e-17  -67.437  1.126e+00 -158.366
   10    4  -5.000e-02  -1.100e-01   0.000e+00  9.807e-01  6.801e-17   48.154  3.121e-17  -47.429  9.807e-01 -153.051
   10    5  -5.000e-02  -1.000e-01   0.000e+00  8.120e-01  4.298e-17   62.174  3.690e-17  -29.358  8.120e-01 -147.892
   10    6  -5.000e-02  -9.000e-02   0.000e+00  6.323e-01  1.652e-17   71.677  4.380e-17  -13.147  6.323e-01 -143.138
   10    7  -5.000e-02  -8.000e-02   0.000e+00  4.523e-01  1.039e-17  -61.770  5.352e-17    0.173  4.523e-01 -139.073
   10    8  -5.000e-02  -7.000e-02   0.000e+00  2.817e-01  3.393e-17  -55.939  6.945e-17    8.938  2.817e-01 -135.955
   10    9  -5.000e-02  -6.000e-02   0.000e+00  1.291e-01  5.500e-17  -37.817  1.022e-16   11.189  1.291e-01 -133.904
   10   10  -5.000e-02  -5.000e-02   0.000e+00  3.411e-08  7.608e-17  -15.536  6.244e-17   10.912  3.411e-08  124.129
   10   11  -5.000e-02  -4.000e-02   0.000e+00  3.411e-08  6.076e-17  -20.940  0.000e+00    0.000  3.411e-08  124.129
   10   12  -5.000e-02  -3.000e-02   0.000e+00  3.411e-08  4.400e-17  -25.315  0.000e+00    0.000  3.411e-08  124.129
   10   13  -5.000e-02  -2.000e-02   0.000e+00  3.411e-08  2.748e-17  -30.653  0.000e+00    0.000  3.411e-08  124.129
   10   14  -5.000e-02  -1.000e-02   0.000e+00  3.411e-08  1.540e-17  -39.585  0.000e+00    0.000  3.411e-08  124.129
   10   15  -5.000e-02   0.000e+00   0.000e+00  3.411e-08  1.111e-17  -47.278  0.000e+00    0.000  3.411e-08  124.129
   10   16  -5.000e-02   1.000e-02   0.000e+00  3.411e-08  1.540e-17  -39.585  0.000e+00    0.000  3.411e-08  124.129
   10   17  -5.000e-02   2.000e-02   0.000e+00  3.411e-08  2.748e-17  -30.653  0.000e+00    0.000  3.411e-08  124.129
   10   18  -5.000e-02   3.000e-02   0.000e+00  3.411e-08  4.400e-17  -25.315  0.000e+00    0.000  3.411e-08  124.129
   10   19  -5.000e-02   4.000e-02   0.000e+00  3.411e-08  6.076e-17  -20.940  0.000e+00    0.000  3.411e-08  124.129
   10   20  -5.000e-02   5.000e-02   0.000e+00  3.411e-08  7.608e-17  -15.536  6.244e-17 -169.088  3.411e-08  124.129
   10   21  -5.000e-02   6.000e-02   0.000e+00  1.291e-01  5.500e-17  -37.817  1.022e-16 -168.811  1.291e-01 -133.904
   10   22  -5.000e-02   7.000e-02   0.000e+00  2.817e-01  3.393e-17  -55.939  6.945e-17 -171.062  2.817e-01 -135.955
   10   23  -5.000e-02   8.000e-02   0.000e+00  4.523e-01  1.039e-17  -61.770  5.352e-17 -179.827  4.523e-01 -139.073
   10   24  -5.000e-02   9.000e-02   0.000e+00  6.323e-01  1.652e-17   71.677  4.380e-17  166.853  6.323e-01 -143.138
   10   25  -5.000e-02   1.000e-01   0.000e+00  8.120e-01  4.298e-17   62.174  3.690e-17  150.642  8.120e-01 -147.892
   10   26  -5.000e-02   1.100e-01   0.000e+00  9.807e-01  6.801e-17   48.154  3.121e-17  132.571  9.807e-01 -153.051
   10   27  -5.000e-02   1.200e-01   0.000e+00  1.126e+00  8.898e-17   34.033  2.585e-17  112.563  1.126e+00 -158.366
   10   28  -5.000e-02   1.300e-01   0.000e+00  1.236e+00  1.034e-16   20.387  2.067e-17   88.908  1.236e+00 -163.642
   10   29  -5.000e-02   1.400e-01   0.000e+00  1.299e+00  1.091e-16    7.357  1.656e-17   58.544  1.299e+00 -168.733
   10   30  -5.000e-02   1.500e-01   0.000e+00  1.306e+00  1.055e-16   -4.973  1.677e-17   21.742  1.306e+00 -173.519
   11    0  -4.000e-02  -1.500e-01   0.000e+00  1.298e+00  9.436e-17   21.205  1.630e-17 -128.054  1.298e+00 -140.148
   11    1  -4.000e-02  -1.400e-01   0.000e+00  1.301e+00  1.042e-16   32.109  1.568e-17  -91.109  1.301e+00 -135.470
   11    2  -4.000e-02  -1.300e-01   0.000e+00  1.250e+00  1.056e-16   44.536  1.920e-17  -59.381  1.250e+00 -130.365
   11    3  -4.000e-02  -1.200e-01   0.000e+00  1.153e+00  9.857e-17   58.167  2.363e-17  -34.047  1.153e+00 -125.001
   11    4  -4.000e-02  -1.100e-01   0.000e+00  1.020e+00  8.444e-17   72.867  2.802e-17  -12.386  1.020e+00 -119.558
   11    5  -4.000e-02  -1.000e-01   0.000e+00  8.617e-01  6.506e-17   88.616  3.231e-17    7.311  8.617e-01 -114.239
   11    6  -4.000e-02  -9.000e-02   0.000e+00  6.889e-01  4.259e-17  105.754  3.704e-17   25.119  6.889e-01 -109.272
   11    7  -4.000e-02  -8.000e-02   0.000e+00  5.098e-01  1.955e-17  127.150  4.295e-17   40.043  5.098e-01 -104.889
   11    8  -4.000e-02  -7.000e-02   0.000e+00  3.317e-01  3.758e-18 -116.303  5.087e-17   51.131  3.317e-01 -101.285
   11    9  -4.000e-02  -6.000e-02   0.000e+00  1.607e-01  1.352e-17  -43.839  6.204e-17   59.655  1.607e-01  -98.580
   11   10  -4.000e-02  -5.000e-02   0.000e+00  1.540e-07  3.001e-18   35.900  3.441e-17   63.175  1.540e-07   94.291
   11   11  -4.000e-02  -4.000e-02   0.000e+00  1.540e-07  3.001e-18   35.900  0.000e+00    0.000  1.540e-07   94.291
   11   12  -4.000e-02  -3.000e-02   0.000e+00  1.540e-07  3.001e-18   35.900  0.000e+00    0.000  1.540e-07   94.291
   11   13  -4.000e-02  -2.000e-02   0.000e+00  1.540e-07  3.001e-18   35.900  0.000e+00    0.000  1.540e-07   94.291
   11   14  -4.000e-02  -1.000e-02   0.000e+00  1.540e-07  3.001e-18   35.900  0.000e+00    0.000  1.540e-07   94.291
   11   15  -4.000e-02   0.000e+00   0.000e+00  1.540e-07  3.001e-18   35.900  0.000e+00    0.000  1.540e-07   94.291
   11   16  -4.000e-02   1.000e-02   0.000e+00  1.540e-07  3.001e-18   35.900  0.000e+00    0.000  1.540e-07   94.291
   11   17  -4.000e-02   2.000e-02   0.000e+00  1.540e-07  3.001e-18   35.900  0.000e+00    0.000  1.540e-07   94.291
   11   18  -4.000e-02   3.000e-02   0.000e+00  1.540e-07  3.001e-18   35.900  0.000e+00    0.000  1.540e-07   94.291
   11   19  -4.000e-02   4.000e-02   0.000e+00  1.540e-07  3.001e-18   35.900  0.000e+00    0.000  1.540e-07   94.291
   11   20  -4.000e-02   5.000e-02   0.000e+00  1.540e-07  3.001e-18   35.900  3.441e-17 -116.825  1.540e-07   94.291
   11   21  -4.000e-02   6.000e-02   0.000e+00  1.607e-01  1.352e-17  -43.839  6.204e-17 -120.345  1.607e-01  -98.580
   11   22  -4.000e-02   7.000e-02   0.000e+00  3.317e-01  3.758e-18 -116.303  5.087e-17 -128.869  3.317e-01 -101.285
   11   23  -4.000e-02   8.000e-02   0.000e+00  5.098e-01  1.955e-17  127.150  4.295e-17 -139.957  5.098e-01 -104.889
   11   24  -4.000e-02   9.000e-02   0.000e+00  6.889e-01  4.259e-17  105.754  3.704e-17 -154.881  6.889e-01 -109.272
   11   25  -4.000e-02   1.000e-01   0.000e+00  8.617e-01  6.506e-17   88.616  3.231e-17 -172.689  8.617e-01 -114.239
   11   26  -4.000e-02   1.100e-01   0.000e+00  1.020e+00  8.444e-17   72.867  2.802e-17  167.614  1.020e+00 -119.558
   11   27  -4.000e-02   1.200e-01   0.000e+00  1.153e+00  9.857e-17   58.167  2.363e-17  145.953  1.153e+00 -125.001
   11   28  -4.000e-02   1.300e-01   0.000e+00  1.250e+00  1.056e-16   44.536  1.920e-17  120.619  1.250e+00 -130.365
   11   29  -4.000e-02   1.400e-01   0.000e+00  1.301e+00  1.042e-16   32.109  1.568e-17   88.891  1.301e+00 -135.470
   11   30  -4.000e-02   1.500e-01   0.000e+00  1.298e+00  9.436e-17   21.205  1.630e-17   51.946  1.298e+00 -140.148
   12    0  -3.000e-02  -1.500e-01   0.000e+00  1.287e+00  7.776e-17   50.824  1.703e-17 -103.353  1.287e+00 -106.748
   12    1  -3.000e-02  -1.400e-01   0.000e+00  1.299e+00  9.141e-17   58.661  1.590e-17  -65.543  1.299e+00 -101.998
   12    2  -3.000e-02  -1.300e-01   0.000e+00  1.257e+00  9.876e-17   69.323  1.925e-17  -31.492  1.257e+00  -96.718
   12    3  -3.000e-02  -1.200e-01   0.000e+00  1.169e+00  9.902e-17   81.764  2.364e-17   -3.252  1.169e+00  -91.159
   12    4  -3.000e-02  -1.100e-01   0.000e+00  1.044e+00  9.249e-17   95.421  2.803e-17   21.811  1.044e+00  -85.562
   12    5  -3.000e-02  -1.000e-01   0.000e+00  8.929e-01  8.013e-17  109.904  3.240e-17   45.770  8.929e-01  -80.176
   12    6  -3.000e-02  -9.000e-02   0.000e+00  7.245e-01  6.334e-17  124.930  3.747e-17   68.946  7.245e-01  -75.249
   12    7  -3.000e-02  -8.000e-02   0.000e+00  5.462e-01  4.399e-17  140.344  4.423e-17   90.415  5.462e-01  -71.007
   12    8  -3.000e-02  -7.000e-02   0.000e+00  3.633e-01  2.468e-17  155.985  5.393e-17  109.080  3.633e-01  -67.621
   12    9  -3.000e-02  -6.000e-02   0.000e+00  1.801e-01  8.779e-18  167.951  6.911e-17  124.395  1.801e-01  -65.183
   12   10  -3.000e-02  -5.000e-02   0.000e+00  5.001e-08  3.001e-18   71.925  3.948e-17  130.254  5.001e-08 -124.254
   12   11  -3.000e-02  -4.000e-02   0.000e+00  5.001e-08  3.001e-18   71.925  0.000e+00    0.000  5.001e-08 -124.254
   12   12  -3.000e-02  -3.000e-02   0.000e+00  5.001e-08  3.001e-18   71.925  0.000e+00    0.000  5.001e-08 -124.254
   12   13  -3.000e-02  -2.000e-02   0.000e+00  5.001e-08  3.001e-18   71.925  0.000e+00    0.000  5.001e-08 -124.254
   12   14  -3.000e-02  -1.000e-02   0.000e+00  5.001e-08  3.001e-18   71.925  0.000e+00    0.000  5.001e-08 -124.254
   12   15  -3.000e-02   0.000e+00   0.000e+00  5.001e-08  3.001e-18   71.925  0.000e+00    0.000  5.001e-08 -124.254
   12   16  -3.000e-02   1.000e-02   0.000e+00  5.001e-08  3.001e-18   71.925  0.000e+00    0.000  5.001e-08 -124.254
   12   17  -3.000e-02   2.000e-02   0.000e+00  5.001e-08  3.001e-18   71.925  0.000e+00    0.000  5.001e-08 -124.254
   12   18  -3.000e-02   3.000e-02   0.000e+00  5.001e-08  3.001e-18   71.925  0.000e+00    0.000  5.001e-08 -124.254
   12   19  -3.000e-02   4.000e-02   0.000e+00  5.001e-08  3.001e-18   71.925  0.000e+00    0.000  5.001e-08 -124.254
   12   20  -3.000e-02   5.000e-02   0.000e+00  5.001e-08  3.001e-18   71.925  3.948e-17  -49.746  5.001e-08 -124.254
   12   21  -3.000e-02   6.000e-02   0.000e+00  1.801e-01  8.779e-18  167.951  6.911e-17  -55.605  1.801e-01  -65.183
   12   22  -3.000e-02   7.000e-02   0.000e+00  3.633e-01  2.468e-17  155.985  5.393e-17  -70.920  3.633e-01  -67.621
   12   23  -3.000e-02   8.000e-02   0.000e+00  5.462e-01  4.399e-17  140.344  4.423e-17  -89.585  5.462e-01  -71.007
   12   24  -3.000e-02   9.000e-02   0.000e+00  7.245e-01  6.334e-17  124.930  3.747e-17 -111.054  7.245e-01  -75.249
   12   25  -3.000e-02   1.000e-01   0.000e+00  8.929e-01  8.013e-17  109.904  3.240e-17 -134.230  8.929e-01  -80.176
   12   26  -3.000e-02   1.100e-01   0.000e+00  1.044e+00  9.249e-17   95.421  2.803e-17 -158.189  1.044e+00  -85.562
   12   27  -3.000e-02   1.200e-01   0.000e+00  1.169e+00  9.902e-17   81.764  2.364e-17  176.748  1.169e+00  -91.159
   12   28  -3.000e-02   1.300e-01   0.000e+00  1.257e+00  9.876e-17   69.323  1.925e-17  148.508  1.257e+00  -96.718
   12   29  -3.000e-02   1.400e-01   0.000e+00  1.299e+00  9.141e-17   58.661  1.590e-17  114.457  1.299e+00 -101.998
   12   30  -3.000e-02   1.500e-01   0.000e+00  1.287e+00  7.776e-17   50.824  1.703e-17   76.647  1.287e+00 -106.748
   13    0  -2.000e-02  -1.500e-01   0.000e+00  1.272e+00  6.102e-17   88.314  1.780e-17  -86.586  1.272e+00  -73.401
   13    1  -2.000e-02  -1.400e-01   0.000e+00  1.299e+00  7.421e-17   90.401  1.626e-17  -47.744  1.299e+00  -68.423
   13    2  -2.000e-02  -1.300e-01   0.000e+00  1.270e+00  8.455e-17   97.452  1.967e-17  -11.566  1.270e+00  -62.729
   13    3  -2.000e-02  -1.200e-01   0.000e+00  1.190e+00  9.002e-17  107.302  2.450e-17   19.135  1.190e+00  -56.682
   13    4  -2.000e-02  -1.100e-01   0.000e+00  1.070e+00  8.980e-17  118.717  2.977e-17   46.862  1.070e+00  -50.621
   13    5  -2.000e-02  -1.000e-01   0.000e+00  9.201e-01  8.382e-17  130.883  3.573e-17   73.697  9.201e-01  -44.876
   13    6  -2.000e-02  -9.000e-02   0.000e+00  7.505e-01  7.252e-17  143.133  4.362e-17   99.553  7.505e-01  -39.761
   13    7  -2.000e-02  -8.000e-02   0.000e+00  5.689e-01  5.688e-17  154.758  5.491e-17  122.953  5.689e-01  -35.533
   13    8  -2.000e-02  -7.000e-02   0.000e+00  3.808e-01  3.845e-17  164.608  7.080e-17  142.524  3.808e-01  -32.339
   13    9  -2.000e-02  -6.000e-02   0.000e+00  1.899e-01  1.930e-17  169.308  9.255e-17  157.656  1.899e-01  -30.175
   13   10  -2.000e-02  -5.000e-02   0.000e+00  6.790e-08  3.001e-18  107.950  5.277e-17  163.345  6.790e-08  168.886
   13   11  -2.000e-02  -4.000e-02   0.000e+00  6.790e-08  3.001e-18  107.950  0.000e+00    0.000  6.790e-08  168.886
   13   12  -2.000e-02  -3.000e-02   0.000e+00  6.790e-08  3.001e-18  107.950  0.000e+00    0.000  6.790e-08  168.886
   13   13  -2.000e-02  -2.000e-02   0.000e+00  6.790e-08  3.001e-18  107.950  0.000e+00    0.000  6.790e-08  168.886
   13   14  -2.000e-02  -1.000e-02   0.000e+00  6.790e-08  3.001e-18  107.950  0.000e+00    0.000  6.790e-08  168.886
   13   15  -2.000e-02   0.000e+00   0.000e+00  6.790e-08  3.001e-18  107.950  0.000e+00    0.000  6.790e-08  168.886
   13   16  -2.000e-02   1.000e-02   0.000e+00  6.790e-08  3.001e-18  107.950  0.000e+00    0.000  6.790e-08  168.886
   13   17  -2.000e-02   2.000e-02   0.000e+00  6.790e-08  3.001e-18  107.950  0.000e+00    0.000  6.790e-08  168.886
   13   18  -2.000e-02   3.000e-02   0.000e+00  6.790e-08  3.001e-18  107.950  0.000e+00    0.000  6.790e-08  168.886
   13   19  -2.000e-02   4.000e-02   0.000e+00  6.790e-08  3.001e-18  107.950  0.000e+00    0.000  6.790e-08  168.886
   13   20  -2.000e-02   5.000e-02   0.000e+00  6.790e-08  3.001e-18  107.950  5.277e-17  -16.655  6.790e-08  168.886
   13   21  -2.000e-02   6.000e-02   0.000e+00  1.899e-01  1.930e-17  169.308  9.255e-17  -22.344  1.899e-01  -30.175
   13   22  -2.000e-02   7.000e-02   0.000e+00  3.808e-01  3.845e-17  164.608  7.080e-17  -37.476  3.808e-01  -32.339
   13   23  -2.000e-02   8.000e-02   0.000e+00  5.689e-01  5.688e-17  154.758  5.491e-17  -57.047  5.689e-01  -35.533
   13   24  -2.000e-02   9.000e-02   0.000e+00  7.505e-01  7.252e-17  143.133  4.362e-17  -80.447  7.505e-01  -39.761
   13   25  -2.000e-02   1.000e-01   0.000e+00  9.201e-01  8.382e-17  130.883  3.573e-17 -106.303  9.201e-01  -44.876
   13   26  -2.000e-02   1.100e-01   0.000e+00  1.070e+00  8.980e-17  118.717  2.977e-17 -133.138  1.070e+00  -50.621
   13   27  -2.000e-02   1.200e-01   0.000e+00  1.190e+00  9.002e-17  107.302  2.450e-17 -160.865  1.190e+00  -56.682
   13   28  -2.000e-02   1.300e-01   0.000e+00  1.270e+00  8.455e-17   97.452  1.967e-17  168.434  1.270e+00  -62.729
   13   29  -2.000e-02   1.400e-01   0.000e+00  1.299e+00  7.421e-17   90.401  1.626e-17  132.256  1.299e+00  -68.423
   13   30  -2.000e-02   1.500e-01   0.000e+00  1.272e+00  6.102e-17   88.314  1.780e-17   93.414  1.272e+00  -73.401
   14    0  -1.000e-02  -1.500e-01   0.000e+00  1.252e+00  5.347e-17  135.807  1.759e-17  -77.353  1.252e+00  -40.331
   14    1  -1.000e-02  -1.400e-01   0.000e+00  1.303e+00  6.077e-17  131.676  1.581e-17  -38.037  1.303e+00  -35.191
   14    2  -1.000e-02  -1.300e-01   0.000e+00  1.295e+00  6.922e-17  133.128  1.906e-17   -0.529  1.295e+00  -28.977
   14    3  -1.000e-02  -1.200e-01   0.000e+00  1.230e+00  7.578e-17  138.616  2.388e-17   31.702  1.230e+00  -22.189
   14    4  -1.000e-02  -1.100e-01   0.000e+00  1.118e+00  7.855e-17  146.516  2.935e-17   60.940  1.118e+00  -15.271
   14    5  -1.000e-02  -1.000e-01   0.000e+00  9.679e-01  7.653e-17  155.620  3.581e-17   89.226  9.679e-01   -8.652
   14    6  -1.000e-02  -9.000e-02   0.000e+00  7.921e-01  6.934e-17  164.984  4.454e-17  116.324  7.921e-01   -2.741
   14    7  -1.000e-02  -8.000e-02   0.000e+00  6.005e-01  5.722e-17  173.733  5.685e-17  140.779  6.005e-01    2.115
   14    8  -1.000e-02  -7.000e-02   0.000e+00  4.010e-01  4.100e-17 -179.230  7.345e-17  161.559  4.010e-01    5.710
   14    9  -1.000e-02  -6.000e-02   0.000e+00  1.996e-01  2.209e-17 -176.182  9.461e-17  178.512  1.996e-01    8.052
   14   10  -1.000e-02  -5.000e-02   0.000e+00  1.132e-08  3.001e-18  143.975  5.355e-17 -174.753  1.132e-08  -55.590
   14   11  -1.000e-02  -4.000e-02   0.000e+00  1.132e-08  3.001e-18  143.975  0.000e+00    0.000  1.132e-08  -55.590
   14   12  -1.000e-02  -3.000e-02   0.000e+00  1.132e-08  3.001e-18  143.975  0.000e+00    0.000  1.132e-08  -55.590
   14   13  -1.000e-02  -2.000e-02   0.000e+00  1.132e-08  3.001e-18  143.975  0.000e+00    0.000  1.132e-08  -55.590
   14   14  -1.000e-02  -1.000e-02   0.000e+00  1.132e-08  3.001e-18  143.975  0.000e+00    0.000  1.132e-08  -55.590
   14   15  -1.000e-02   0.000e+00   0.000e+00  1.132e-08  3.001e-18  143.975  0.000e+00    0.000  1.132e-08  -55.590
   14   16  -1.000e-02   1.000e-02   0.000e+00  1.132e-08  3.001e-18  143.975  0.000e+00    0.000  1.132e-08  -55.590
   14   17  -1.000e-02   2.000e-02   0.000e+00  1.132e-08  3.001e-18  143.975  0.000e+00    0.000  1.132e-08  -55.590
   14   18  -1.000e-02   3.000e-02   0.000e+00  1.132e-08  3.001e-18  143.975  0.000e+00    0.000  1.132e-08  -55.590
   14   19  -1.000e-02   4.000e-02   0.000e+00  1.132e-08  3.001e-18  143.975  0.000e+00    0.000  1.132e-08  -55.590
   14   20  -1.000e-02   5.000e-02   0.000e+00  1.132e-08  3.001e-18  143.975  5.355e-17    5.247  1.132e-08  -55.590
   14   21  -1.000e-02   6.000e-02   0.000e+00  1.996e-01  2.209e-17 -176.182  9.461e-17   -1.488  1.996e-01    8.052
   14   22  -1.000e-02   7.000e-02   0.000e+00  4.010e-01  4.100e-17 -179.230  7.345e-17  -18.441  4.010e-01    5.710
   14   23  -1.000e-02   8.000e-02   0.000e+00  6.005e-01  5.722e-17  173.733  5.685e-17  -39.221  6.005e-01    2.115
   14   24  -1.000e-02   9.000e-02   0.000e+00  7.921e-01  6.934e-17  164.984  4.454e-17  -63.676  7.921e-01   -2.741
   14   25  -1.000e-02   1.000e-01   0.000e+00  9.679e-01  7.653e-17  155.620  3.581e-17  -90.774  9.679e-01   -8.652
   14   26  -1.000e-02   1.100e-01   0.000e+00  1.118e+00  7.855e-17  146.516  2.935e-17 -119.060  1.118e+00  -15.271
   14   27  -1.000e-02   1.200e-01   0.000e+00  1.230e+00  7.578e-17  138.616  2.388e-17 -148.298  1.230e+00  -22.189
   14   28  -1.000e-02   1.300e-01   0.000e+00  1.295e+00  6.922e-17  133.128  1.906e-17  179.471  1.295e+00  -28.977
   14   29  -1.000e-02   1.400e-01   0.000e+00  1.303e+00  6.077e-17  131.676  1.581e-17  141.963  1.303e+00  -35.191
   14   30  -1.000e-02   1.500e-01   0.000e+00  1.252e+00  5.347e-17  135.807  1.759e-17  102.647  1.252e+00  -40.331
   15    0   0.000e+00  -1.500e-01   0.000e+00  1.217e+00  5.885e-17 -179.017  1.600e-17  -75.076  1.217e+00   -7.790
   15    1   0.000e+00  -1.400e-01   0.000e+00  1.301e+00  6.012e-17  177.967  1.419e-17  -36.240  1.301e+00   -2.880
   15    2   0.000e+00  -1.300e-01   0.000e+00  1.326e+00  6.305e-17  177.008  1.675e-17    1.731  1.326e+00    3.671
   15    3   0.000e+00  -1.200e-01   0.000e+00  1.289e+00  6.602e-17  178.868  2.056e-17   34.938  1.289e+00   11.187
   15    4   0.000e+00  -1.100e-01   0.000e+00  1.195e+00  6.727e-17 -176.820  2.475e-17   65.424  1.195e+00   19.109
   15    5   0.000e+00  -1.000e-01   0.000e+00  1.052e+00  6.545e-17 -170.892  2.948e-17   95.419  1.052e+00   26.921
   15    6   0.000e+00  -9.000e-02   0.000e+00  8.715e-01  5.976e-17 -164.269  3.577e-17  124.947  8.715e-01   34.129
   15    7   0.000e+00  -8.000e-02   0.000e+00  6.654e-01  4.996e-17 -157.875  4.464e-17  152.660  6.654e-01   40.280
   15    8   0.000e+00  -7.000e-02   0.000e+00  4.455e-01  3.641e-17 -152.769  5.670e-17  177.606  4.455e-01   45.015
   15    9   0.000e+00  -6.000e-02   0.000e+00  2.217e-01  2.011e-17 -150.851  7.251e-17 -160.298  2.217e-01   48.150
   15   10   0.000e+00  -5.000e-02   0.000e+00  1.206e-07  3.001e-18  180.000  4.132e-17 -151.142  1.206e-07    8.816
   15   11   0.000e+00  -4.000e-02   0.000e+00  1.206e-07  3.001e-18  180.000  0.000e+00    0.000  1.206e-07    8.816
   15   12   0.000e+00  -3.000e-02   0.000e+00  1.206e-07  3.001e-18  180.000  0.000e+00    0.000  1.206e-07    8.816
   15   13   0.000e+00  -2.000e-02   0.000e+00  1.206e-07  3.001e-18  180.000  0.000e+00    0.000  1.206e-07    8.816
   15   14   0.000e+00  -1.000e-02   0.000e+00  1.206e-07  3.001e-18  180.000  0.000e+00    0.000  1.206e-07    8.816
   15   15   0.000e+00   0.000e+00   0.000e+00  1.206e-07  3.001e-18  180.000  0.000e+00    0.000  1.206e-07    8.816
   15   16   0.000e+00   1.000e-02   0.000e+00  1.206e-07  3.001e-18  180.000  0.000e+00    0.000  1.206e-07    8.816
   15   17   0.000e+00   2.000e-02   0.000e+00  1.206e-07  3.001e-18  180.000  0.000e+00    0.000  1.206e-07    8.816
   15   18   0.000e+00   3.000e-02   0.000e+00  1.206e-07  3.001e-18  180.000  0.000e+00    0.000  1.206e-07    8.816
   15   19   0.000e+00   4.000e-02   0.000e+00  1.206e-07  3.001e-18  180.000  0.000e+00    0.000  1.206e-07    8.816
   15   20   0.000e+00   5.000e-02   0.000e+00  1.206e-07  3.001e-18  180.000  4.132e-17   28.858  1.206e-07    8.816
   15   21   0.000e+00   6.000e-02   0.000e+00  2.217e-01  2.011e-17 -150.851  7.251e-17   19.702  2.217e-01   48.150
   15   22   0.000e+00   7.000e-02   0.000e+00  4.455e-01  3.641e-17 -152.769  5.670e-17   -2.394  4.455e-01   45.015
   15   23   0.000e+00   8.000e-02   0.000e+00  6.654e-01  4.996e-17 -157.875  4.464e-17  -27.340  6.654e-01   40.280
   15   24   0.000e+00   9.000e-02   0.000e+00  8.715e-01  5.976e-17 -164.269  3.577e-17  -55.053  8.715e-01   34.129
   15   25   0.000e+00   1.000e-01   0.000e+00  1.052e+00  6.545e-17 -170.892  2.948e-17  -84.581  1.052e+00   26.921
   15   26   0.000e+00   1.100e-01   0.000e+00  1.195e+00  6.727e-17 -176.820  2.475e-17 -114.576  1.195e+00   19.109
   15   27   0.000e+00   1.200e-01   0.000e+00  1.289e+00  6.602e-17  178.868  2.056e-17 -145.062  1.289e+00   11.187
   15   28   0.000e+00   1.300e-01   0.000e+00  1.326e+00  6.305e-17  177.008  1.675e-17 -178.269  1.326e+00    3.671
   15   29   0.000e+00   1.400e-01   0.000e+00  1.301e+00  6.012e-17  177.967  1.419e-17  143.760  1.301e+00   -2.880
   15   30   0.000e+00   1.500e-01   0.000e+00  1.217e+00  5.885e-17 -179.017  1.600e-17  104.924  1.217e+00   -7.790
   16    0   1.000e-02  -1.500e-01   0.000e+00  1.150e+00  6.713e-17 -144.735  1.326e-17  -80.235  1.150e+00   24.418
   16    1   1.000e-02  -1.400e-01   0.000e+00  1.270e+00  6.811e-17 -144.059  1.162e-17  -43.169  1.270e+00   28.375
   16    2   1.000e-02  -1.300e-01   0.000e+00  1.339e+00  6.874e-17 -142.256  1.312e-17   -6.072  1.339e+00   34.799
   16    3   1.000e-02  -1.200e-01   0.000e+00  1.345e+00  6.855e-17 -139.024  1.517e-17   27.219  1.345e+00   42.739
   16    4   1.000e-02  -1.100e-01   0.000e+00  1.285e+00  6.684e-17 -134.406  1.693e-17   58.599  1.285e+00   51.466
   16    5   1.000e-02  -1.000e-01   0.000e+00  1.163e+00  6.289e-17 -128.752  1.829e-17   91.053  1.163e+00   60.367
   16    6   1.000e-02  -9.000e-02   0.000e+00  9.877e-01  5.611e-17 -122.618  1.988e-17  126.231  9.877e-01   68.879
   16    7   1.000e-02  -8.000e-02   0.000e+00  7.696e-01  4.623e-17 -116.718  2.284e-17  163.828  7.696e-01   76.467
   16    8   1.000e-02  -7.000e-02   0.000e+00  5.229e-01  3.341e-17 -112.032  2.894e-17 -158.205  5.229e-01   82.611
   16    9   1.000e-02  -6.000e-02   0.000e+00  2.625e-01  1.840e-17 -110.665  4.110e-17 -123.619  2.625e-01   86.832
   16   10   1.000e-02  -5.000e-02   0.000e+00  5.067e-08  3.001e-18 -143.975  2.534e-17 -110.811  5.067e-08  -82.748
   16   11   1.000e-02  -4.000e-02   0.000e+00  5.067e-08  3.001e-18 -143.975  0.000e+00    0.000  5.067e-08  -82.748
   16   12   1.000e-02  -3.000e-02   0.000e+00  5.067e-08  3.001e-18 -143.975  0.000e+00    0.000  5.067e-08  -82.748
   16   13   1.000e-02  -2.000e-02   0.000e+00  5.067e-08  3.001e-18 -143.975  0.000e+00    0.000  5.067e-08  -82.748
   16   14   1.000e-02  -1.000e-02   0.000e+00  5.067e-08  3.001e-18 -143.975  0.000e+00    0.000  5.067e-08  -82.748
   16   15   1.000e-02   0.000e+00   0.000e+00  5.067e-08  3.001e-18 -143.975  0.000e+00    0.000  5.067e-08  -82.748
   16   16   1.000e-02   1.000e-02   0.000e+00  5.067e-08  3.001e-18 -143.975  0.000e+00    0.000  5.067e-08  -82.748
   16   17   1.000e-02   2.000e-02   0.000e+00  5.067e-08  3.001e-18 -143.975  0.000e+00    0.000  5.067e-08  -82.748
   16   18   1.000e-02   3.000e-02   0.000e+00  5.067e-08  3.001e-18 -143.975  0.000e+00    0.000  5.067e-08  -82.748
   16   19   1.000e-02   4.000e-02   0.000e+00  5.067e-08  3.001e-18 -143.975  0.000e+00    0.000  5.067e-08  -82.748
   16   20   1.000e-02   5.000e-02   0.000e+00  5.067e-08  3.001e-18 -143.975  2.534e-17   69.189  5.067e-08  -82.748
   16   21   1.000e-02   6.000e-02   0.000e+00  2.625e-01  1.840e-17 -110.665  4.110e-17   56.381  2.625e-01   86.832
   16   22   1.000e-02   7.000e-02   0.000e+00  5.229e-01  3.341e-17 -112.032  2.894e-17   21.795  5.229e-01   82.611
   16   23   1.000e-02   8.000e-02   0.000e+00  7.696e-01  4.623e-17 -116.718  2.284e-17  -16.172  7.696e-01   76.467
   16   24   1.000e-02   9.000e-02   0.000e+00  9.877e-01  5.611e-17 -122.618  1.988e-17  -53.769  9.877e-01   68.879
   16   25   1.000e-02   1.000e-01   0.000e+00  1.163e+00  6.289e-17 -128.752  1.829e-17  -88.947  1.163e+00   60.367
   16   26   1.000e-02   1.100e-01   0.000e+00  1.285e+00  6.684e-17 -134.406  1.693e-17 -121.401  1.285e+00   51.466
   16   27   1.000e-02   1.200e-01   0.000e+00  1.345e+00  6.855e-17 -139.024  1.517e-17 -152.781  1.345e+00   42.739
   16   28   1.000e-02   1.300e-01   0.000e+00  1.339e+00  6.874e-17 -142.256  1.312e-17  173.928  1.339e+00   34.799
   16   29   1.000e-02   1.400e-01   0.000e+00  1.270e+00  6.811e-17 -144.059  1.162e-17  136.831  1.270e+00   28.375
   16   30   1.000e-02   1.500e-01   0.000e+00  1.150e+00  6.713e-17 -144.735  1.326e-17   99.765  1.150e+00   24.418
   17    0   2.000e-02  -1.500e-01   0.000e+00  1.041e+00  6.838e-17 -116.413  1.008e-17  -95.194  1.041e+00   57.407
   17    1   2.000e-02  -1.400e-01   0.000e+00  1.189e+00  7.247e-17 -114.618  8.905e-18  -61.457  1.189e+00   59.275
   17    2   2.000e-02  -1.300e-01   0.000e+00  1.305e+00  7.542e-17 -110.757  9.531e-18  -28.200  1.305e+00   64.828
   17    3   2.000e-02  -1.200e-01   0.000e+00  1.365e+00  7.668e-17 -105.168  9.952e-18    1.143  1.365e+00   72.669
   17    4   2.000e-02  -1.100e-01   0.000e+00  1.356e+00  7.570e-17  -98.303  9.487e-18   27.795  1.356e+00   81.790
   17    5   2.000e-02  -1.000e-01   0.000e+00  1.275e+00  7.194e-17  -90.676  7.630e-18   53.869  1.275e+00   91.431
   17    6   2.000e-02  -9.000e-02   0.000e+00  1.121e+00  6.485e-17  -82.834  3.920e-18   84.727  1.121e+00  100.969
   17    7   2.000e-02  -8.000e-02   0.000e+00  9.007e-01  5.403e-17  -75.388  2.973e-18 -107.641  9.007e-01  109.830
   17    8   2.000e-02  -7.000e-02   0.000e+00  6.276e-01  3.947e-17  -69.220  1.398e-17  -71.750  6.276e-01  117.390
   17    9   2.000e-02  -6.000e-02   0.000e+00  3.202e-01  2.172e-17  -66.494  3.244e-17  -52.222  3.202e-01  122.875
   17   10   2.000e-02  -5.000e-02   0.000e+00  4.704e-08  3.001e-18 -107.950  2.216e-17  -46.289  4.704e-08   98.583
   17   11   2.000e-02  -4.000e-02   0.000e+00  4.704e-08  3.001e-18 -107.950  0.000e+00    0.000  4.704e-08   98.583
   17   12   2.000e-02  -3.000e-02   0.000e+00  4.704e-08  3.001e-18 -107.950  0.000e+00    0.000  4.704e-08   98.583
   17   13   2.000e-02  -2.000e-02   0.000e+00  4.704e-08  3.001e-18 -107.950  0.000e+00    0.000  4.704e-08   98.583
   17   14   2.000e-02  -1.000e-02   0.000e+00  4.704e-08  3.001e-18 -107.950  0.000e+00    0.000  4.704e-08   98.583
   17   15   2.000e-02   0.000e+00   0.000e+00  4.704e-08  3.001e-18 -107.950  0.000e+00    0.000  4.704e-08   98.583
   17   16   2.000e-02   1.000e-02   0.000e+00  4.704e-08  3.001e-18 -107.950  0.000e+00    0.000  4.704e-08   98.583
   17   17   2.000e-02   2.000e-02   0.000e+00  4.704e-08  3.001e-18 -107.950  0.000e+00    0.000  4.704e-08   98.583
   17   18   2.000e-02   3.000e-02   0.000e+00  4.704e-08  3.001e-18 -107.950  0.000e+00    0.000  4.704e-08   98.583
   17   19   2.000e-02   4.000e-02   0.000e+00  4.704e-08  3.001e-18 -107.950  0.000e+00    0.000  4.704e-08   98.583
   17   20   2.000e-02   5.000e-02   0.000e+00  4.704e-08  3.001e-18 -107.950  2.216e-17  133.711  4.704e-08   98.583
   17   21   2.000e-02   6.000e-02   0.000e+00  3.202e-01  2.172e-17  -66.494  3.244e-17  127.778  3.202e-01  122.875
   17   22   2.000e-02   7.000e-02   0.000e+00  6.276e-01  3.947e-17  -69.220  1.398e-17  108.250  6.276e-01  117.390
   17   23   2.000e-02   8.000e-02   0.000e+00  9.007e-01  5.403e-17  -75.388  2.973e-18   72.359  9.007e-01  109.830
   17   24   2.000e-02   9.000e-02   0.000e+00  1.121e+00  6.485e-17  -82.834  3.920e-18  -95.273  1.121e+00  100.969
   17   25   2.000e-02   1.000e-01   0.000e+00  1.275e+00  7.194e-17  -90.676  7.630e-18 -126.131  1.275e+00   91.431
   17   26   2.000e-02   1.100e-01   0.000e+00  1.356e+00  7.570e-17  -98.303  9.487e-18 -152.205  1.356e+00   81.790
   17   27   2.000e-02   1.200e-01   0.000e+00  1.365e+00  7.668e-17 -105.168  9.952e-18 -178.857  1.365e+00   72.669
   17   28   2.000e-02   1.300e-01   0.000e+00  1.305e+00  7.542e-17 -110.757  9.531e-18  151.800  1.305e+00   64.828
   17   29   2.000e-02   1.400e-01   0.000e+00  1.189e+00  7.247e-17 -114.618  8.905e-18  118.543  1.189e+00   59.275
   17   30   2.000e-02   1.500e-01   0.000e+00  1.041e+00  6.838e-17 -116.413  1.008e-17   84.806  1.041e+00   57.407
   18    0   3.000e-02  -1.500e-01   0.000e+00  8.996e-01  5.963e-17  -87.131  7.655e-18 -124.136  8.996e-01   93.504
   18    1   3.000e-02  -1.400e-01   0.000e+00  1.052e+00  6.661e-17  -87.267  7.198e-18  -93.640  1.052e+00   91.483
   18    2   3.000e-02  -1.300e-01   0.000e+00  1.207e+00  7.349e-17  -83.766  7.863e-18  -67.095  1.207e+00   94.907
   18    3   3.000e-02  -1.200e-01   0.000e+00  1.325e+00  7.901e-17  -77.689  8.330e-18  -47.489  1.325e+00  101.820
   18    4   3.000e-02  -1.100e-01   0.000e+00  1.382e+00  8.210e-17  -70.011  8.529e-18  -34.634  1.382e+00  110.735
   18    5   3.000e-02  -1.000e-01   0.000e+00  1.360e+00  8.172e-17  -61.507  8.960e-18  -29.228  1.360e+00  120.659
   18    6   3.000e-02  -9.000e-02   0.000e+00  1.250e+00  7.687e-17  -52.778  1.083e-17  -29.171  1.250e+00  130.901
   18    7   3.000e-02  -8.000e-02   0.000e+00  1.047e+00  6.674e-17  -44.352  1.570e-17  -27.342  1.047e+00  140.903
   18    8   3.000e-02  -7.000e-02   0.000e+00  7.574e-01  5.080e-17  -36.912  2.525e-17  -20.174  7.574e-01  150.043
   18    9   3.000e-02  -6.000e-02   0.000e+00  3.983e-01  2.896e-17  -32.137  4.209e-17   -9.812  3.983e-01  157.345
   18   10   3.000e-02  -5.000e-02   0.000e+00  3.356e-08  3.001e-18  -71.925  2.650e-17   -5.694  3.356e-08 -147.018
   18   11   3.000e-02  -4.000e-02   0.000e+00  3.356e-08  3.001e-18  -71.925  0.000e+00    0.000  3.356e-08 -147.018
   18   12   3.000e-02  -3.000e-02   0.000e+00  3.356e-08  3.001e-18  -71.925  0.000e+00    0.000  3.356e-08 -147.018
   18   13   3.000e-02  -2.000e-02   0.000e+00  3.356e-08  3.001e-18  -71.925  0.000e+00    0.000  3.356e-08 -147.018
   18   14   3.000e-02  -1.000e-02   0.000e+00  3.356e-08  3.001e-18  -71.925  0.000e+00    0.000  3.356e-08 -147.018
   18   15   3.000e-02   0.000e+00   0.000e+00  3.356e-08  3.001e-18  -71.925  0.000e+00    0.000  3.356e-08 -147.018
   18   16   3.000e-02   1.000e-02   0.000e+00  3.356e-08  3.001e-18  -71.925  0.000e+00    0.000  3.356e-08 -147.018
   18   17   3.000e-02   2.000e-02   0.000e+00  3.356e-08  3.001e-18  -71.925  0.000e+00    0.000  3.356e-08 -147.018
   18   18   3.000e-02   3.000e-02   0.000e+00  3.356e-08  3.001e-18  -71.925  0.000e+00    0.000  3.356e-08 -147.018
   18   19   3.000e-02   4.000e-02   0.000e+00  3.356e-08  3.001e-18  -71.925  0.000e+00    0.000  3.356e-08 -147.018
   18   20   3.000e-02   5.000e-02   0.000e+00  3.356e-08  3.001e-18  -71.925  2.650e-17  174.306  3.356e-08 -147.018
   18   21   3.000e-02   6.000e-02   0.000e+00  3.983e-01  2.896e-17  -32.137  4.209e-17  170.188  3.983e-01  157.345
   18   22   3.000e-02   7.000e-02   0.000e+00  7.574e-01  5.080e-17  -36.912  2.525e-17  159.826  7.574e-01  150.043
   18   23   3.000e-02   8.000e-02   0.000e+00  1.047e+00  6.674e-17  -44.352  1.570e-17  152.658  1.047e+00  140.903
   18   24   3.000e-02   9.000e-02   0.000e+00  1.250e+00  7.687e-17  -52.778  1.083e-17  150.829  1.250e+00  130.901
   18   25   3.000e-02   1.000e-01   0.000e+00  1.360e+00  8.172e-17  -61.507  8.960e-18  150.772  1.360e+00  120.659
   18   26   3.000e-02   1.100e-01   0.000e+00  1.382e+00  8.210e-17  -70.011  8.529e-18  145.366  1.382e+00  110.735
   18   27   3.000e-02   1.200e-01   0.000e+00  1.325e+00  7.901e-17  -77.689  8.330e-18  132.511  1.325e+00  101.820
   18   28   3.000e-02   1.300e-01   0.000e+00  1.207e+00  7.349e-17  -83.766  7.863e-18  112.905  1.207e+00   94.907
   18   29   3.000e-02   1.400e-01   0.000e+00  1.052e+00  6.661e-17  -87.267  7.198e-18   86.360  1.052e+00   91.483
   18   30   3.000e-02   1.500e-01   0.000e+00  8.996e-01  5.963e-17  -87.131  7.655e-18   55.864  8.996e-01   93.504
   19    0   4.000e-02  -1.500e-01   0.000e+00  7.766e-01  4.616e-17  -47.274  7.166e-18 -163.694  7.766e-01  135.786
   19    1   4.000e-02  -1.400e-01   0.000e+00  8.822e-01  5.220e-17  -53.772  7.265e-18 -131.928  8.822e-01  127.856
   19    2   4.000e-02  -1.300e-01   0.000e+00  1.049e+00  6.134e-17  -54.446  8.688e-18 -106.913  1.049e+00  126.903
   19    3   4.000e-02  -1.200e-01   0.000e+00  1.218e+00  7.096e-17  -50.662  1.027e-17  -88.397  1.218e+00  131.367
   19    4   4.000e-02  -1.100e-01   0.000e+00  1.345e+00  7.890e-17  -44.214  1.192e-17  -73.003  1.345e+00  139.078
   19    5   4.000e-02  -1.000e-01   0.000e+00  1.401e+00  8.335e-17  -36.341  1.387e-17  -58.491  1.401e+00  148.599
   19    6   4.000e-02  -9.000e-02   0.000e+00  1.360e+00  8.274e-17  -27.810  1.651e-17  -43.461  1.360e+00  159.086
   19    7   4.000e-02  -8.000e-02   0.000e+00  1.206e+00  7.584e-17  -19.144  2.030e-17  -26.988  1.206e+00  170.011
   19    8   4.000e-02  -7.000e-02   0.000e+00  9.284e-01  6.161e-17  -10.889  2.601e-17   -8.314  9.284e-01 -179.118
   19    9   4.000e-02  -6.000e-02   0.000e+00  5.226e-01  3.855e-17   -4.178  3.622e-17   12.517  5.226e-01 -169.158
   19   10   4.000e-02  -5.000e-02   0.000e+00  5.429e-08  3.001e-18  -35.900  2.183e-17   20.995  5.429e-08   27.669
   19   11   4.000e-02  -4.000e-02   0.000e+00  5.429e-08  3.001e-18  -35.900  0.000e+00    0.000  5.429e-08   27.669
   19   12   4.000e-02  -3.000e-02   0.000e+00  5.429e-08  3.001e-18  -35.900  0.000e+00    0.000  5.429e-08   27.669
   19   13   4.000e-02  -2.000e-02   0.000e+00  5.429e-08  3.001e-18  -35.900  0.000e+00    0.000  5.429e-08   27.669
   19   14   4.000e-02  -1.000e-02   0.000e+00  5.429e-08  3.001e-18  -35.900  0.000e+00    0.000  5.429e-08   27.669
   19   15   4.000e-02   0.000e+00   0.000e+00  5.429e-08  3.001e-18  -35.900  0.000e+00    0.000  5.429e-08   27.669
   19   16   4.000e-02   1.000e-02   0.000e+00  5.429e-08  3.001e-18  -35.900  0.000e+00    0.000  5.429e-08   27.669
   19   17   4.000e-02   2.000e-02   0.000e+00  5.429e-08  3.001e-18  -35.900  0.000e+00    0.000  5.429e-08   27.669
   19   18   4.000e-02   3.000e-02   0.000e+00  5.429e-08  3.001e-18  -35.900  0.000e+00    0.000  5.429e-08   27.669
   19   19   4.000e-02   4.000e-02   0.000e+00  5.429e-08  3.001e-18  -35.900  0.000e+00    0.000  5.429e-08   27.669
   19   20   4.000e-02   5.000e-02   0.000e+00  5.429e-08  3.001e-18  -35.900  2.183e-17 -159.005  5.429e-08   27.669
   19   21   4.000e-02   6.000e-02   0.000e+00  5.226e-01  3.855e-17   -4.178  3.622e-17 -167.483  5.226e-01 -169.158
   19   22   4.000e-02   7.000e-02   0.000e+00  9.284e-01  6.161e-17  -10.889  2.601e-17  171.686  9.284e-01 -179.118
   19   23   4.000e-02   8.000e-02   0.000e+00  1.206e+00  7.584e-17  -19.144  2.030e-17  153.012  1.206e+00  170.011
   19   24   4.000e-02   9.000e-02   0.000e+00  1.360e+00  8.274e-17  -27.810  1.651e-17  136.539  1.360e+00  159.086
   19   25   4.000e-02   1.000e-01   0.000e+00  1.401e+00  8.335e-17  -36.341  1.387e-17  121.509  1.401e+00  148.599
   19   26   4.000e-02   1.100e-01   0.000e+00  1.345e+00  7.890e-17  -44.214  1.192e-17  106.997  1.345e+00  139.078
   19   27   4.000e-02   1.200e-01   0.000e+00  1.218e+00  7.096e-17  -50.662  1.027e-17   91.603  1.218e+00  131.367
   19   28   4.000e-02   1.300e-01   0.000e+00  1.049e+00  6.134e-17  -54.446  8.688e-18   73.087  1.049e+00  126.903
   19   29   4.000e-02   1.400e-01   0.000e+00  8.822e-01  5.220e-17  -53.772  7.265e-18   48.072  8.822e-01  127.856
   19   30   4.000e-02   1.500e-01   0.000e+00  7.766e-01  4.616e-17  -47.274  7.166e-18   16.306  7.766e-01  135.786
   20    0   5.000e-02  -1.500e-01   0.000e+00  7.512e-01  4.367e-17    8.512  8.311e-18  161.957  7.512e-01 -176.304
   20    1   5.000e-02  -1.400e-01   0.000e+00  7.467e-01  4.163e-17   -2.635  8.467e-18 -163.971  7.467e-01  171.978
   20    2   5.000e-02  -1.300e-01   0.000e+00  8.646e-01  4.651e-17  -12.884  1.040e-17 -137.082  8.646e-01  163.868
   20    3   5.000e-02  -1.200e-01   0.000e+00  1.050e+00  5.610e-17  -16.843  1.251e-17 -116.342  1.050e+00  163.035
   20    4   5.000e-02  -1.100e-01   0.000e+00  1.236e+00  6.666e-17  -15.172  1.434e-17  -97.927  1.236e+00  167.667
   20    5   5.000e-02  -1.000e-01   0.000e+00  1.376e+00  7.515e-17  -10.048  1.582e-17  -79.516  1.376e+00  175.565
   20    6   5.000e-02  -9.000e-02   0.000e+00  1.430e+00  7.937e-17   -2.993  1.695e-17  -60.021  1.430e+00 -174.570
   20    7   5.000e-02  -8.000e-02   0.000e+00  1.369e+00  7.789e-17    5.030  1.744e-17  -38.719  1.369e+00 -163.397
   20    8   5.000e-02  -7.000e-02   0.000e+00  1.166e+00  6.989e-17   13.133  1.611e-17  -12.557  1.166e+00 -151.271
   20    9   5.000e-02  -6.000e-02   0.000e+00  7.664e-01  5.488e-17   19.545  1.189e-17   44.137  7.664e-01 -138.544
   20   10   5.000e-02  -5.000e-02   0.000e+00  1.989e-08  3.259e-17   15.985  7.711e-18   84.502  1.989e-08 -164.196
   20   11   5.000e-02  -4.000e-02   0.000e+00  1.989e-08  3.310e-17   16.586  0.000e+00    0.000  1.989e-08 -164.196
   20   12   5.000e-02  -3.000e-02   0.000e+00  1.989e-08  3.322e-17   16.805  0.000e+00    0.000  1.989e-08 -164.196
   20   13   5.000e-02  -2.000e-02   0.000e+00  1.989e-08  3.320e-17   16.911  0.000e+00    0.000  1.989e-08 -164.196
   20   14   5.000e-02  -1.000e-02   0.000e+00  1.989e-08  3.316e-17   16.968  0.000e+00    0.000  1.989e-08 -164.196
   20   15   5.000e-02   0.000e+00   0.000e+00  1.989e-08  3.314e-17   16.987  0.000e+00    0.000  1.989e-08 -164.196
   20   16   5.000e-02   1.000e-02   0.000e+00  1.989e-08  3.316e-17   16.968  0.000e+00    0.000  1.989e-08 -164.196
   20   17   5.000e-02   2.000e-02   0.000e+00  1.989e-08  3.320e-17   16.911  0.000e+00    0.000  1.989e-08 -164.196
   20   18   5.000e-02   3.000e-02   0.000e+00  1.989e-08  3.322e-17   16.805  0.000e+00    0.000  1.989e-08 -164.196
   20   19   5.000e-02   4.000e-02   0.000e+00  1.989e-08  3.310e-17   16.586  0.000e+00    0.000  1.989e-08 -164.196
   20   20   5.000e-02   5.000e-02   0.000e+00  1.989e-08  3.259e-17   15.985  7.711e-18  -95.498  1.989e-08 -164.196
   20   21   5.000e-02   6.000e-02   0.000e+00  7.664e-01  5.488e-17   19.545  1.189e-17 -135.863  7.664e-01 -138.544
   20   22   5.000e-02   7.000e-02   0.000e+00  1.166e+00  6.989e-17   13.133  1.611e-17  167.443  1.166e+00 -151.271
   20   23   5.000e-02   8.000e-02   0.000e+00  1.369e+00  7.789e-17    5.030  1.744e-17  141.281  1.369e+00 -163.397
   20   24   5.000e-02   9.000e-02   0.000e+00  1.430e+00  7.937e-17   -2.993  1.695e-17  119.979  1.430e+00 -174.570
   20   25   5.000e-02   1.000e-01   0.000e+00  1.376e+00  7.515e-17  -10.048  1.582e-17  100.484  1.376e+00  175.565
   20   26   5.000e-02   1.100e-01   0.000e+00  1.236e+00  6.666e-17  -15.172  1.434e-17   82.073  1.236e+00  167.667
   20   27   5.000e-02   1.200e-01   0.000e+00  1.050e+00  5.610e-17  -16.843  1.251e-17   63.658  1.050e+00  163.035
   20   28   5.000e-02   1.300e-01   0.000e+00  8.646e-01  4.651e-17  -12.884  1.040e-17   42.918  8.646e-01  163.868
   20   29   5.000e-02   1.400e-01   0.000e+00  7.467e-01  4.163e-17   -2.635  8.467e-18   16.029  7.467e-01  171.978
   20   30   5.000e-02   1.500e-01   0.000e+00  7.512e-01  4.367e-17    8.512  8.311e-18  -18.043  7.512e-01 -176.304
   21    0   6.000e-02  -1.500e-01   0.000e+00  8.532e-01  5.792e-17   53.868  9.769e-18  136.066  8.532e-01 -131.102
   21    1   6.000e-02  -1.400e-01   0.000e+00  7.390e-01  5.004e-17   51.395  9.786e-18  170.442  7.390e-01 -137.912
   21    2   6.000e-02  -1.300e-01   0.000e+00  7.300e-01  4.520e-17   42.689  1.186e-17 -161.846  7.300e-01 -150.290
   21    3   6.000e-02  -1.200e-01   0.000e+00  8.524e-01  4.635e-17   31.240  1.394e-17 -140.313  8.524e-01 -159.832
   21    4   6.000e-02  -1.100e-01   0.000e+00  1.051e+00  5.299e-17   23.847  1.532e-17 -121.263  1.051e+00 -161.780
   21    5   6.000e-02  -1.000e-01   0.000e+00  1.255e+00  6.156e-17   22.605  1.578e-17 -102.278  1.255e+00 -157.803
   21    6   6.000e-02  -9.000e-02   0.000e+00  1.411e+00  6.868e-17   25.833  1.530e-17  -82.151  1.411e+00 -150.173
   21    7   6.000e-02  -8.000e-02   0.000e+00  1.485e+00  7.225e-17   31.533  1.379e-17  -60.300  1.485e+00 -140.184
   21    8   6.000e-02  -7.000e-02   0.000e+00  1.456e+00  7.133e-17   37.840  1.086e-17  -35.138  1.456e+00 -128.404
   21    9   6.000e-02  -6.000e-02   0.000e+00  1.320e+00  6.625e-17   41.865  6.602e-18    1.829  1.320e+00 -114.896
   21   10   6.000e-02  -5.000e-02   0.000e+00  1.123e+00  6.099e-17   36.502  3.706e-18   32.390  1.123e+00  -99.888
   21   11   6.000e-02  -4.000e-02   0.000e+00  1.125e+00  6.110e-17   36.443  1.597e-18   12.637  1.125e+00  -91.505
   21   12   6.000e-02  -3.000e-02   0.000e+00  1.176e+00  6.106e-17   36.510  8.765e-19   -5.065  1.176e+00  -87.625
   21   13   6.000e-02  -2.000e-02   0.000e+00  1.229e+00  6.096e-17   36.608  5.189e-19  -15.681  1.229e+00  -86.000
   21   14   6.000e-02  -1.000e-02   0.000e+00  1.265e+00  6.086e-17   36.687  2.496e-19  -20.556  1.265e+00  -85.402
   21   15   6.000e-02   0.000e+00   0.000e+00  1.278e+00  6.082e-17   36.716  0.000e+00    0.000  1.278e+00  -85.259
   21   16   6.000e-02   1.000e-02   0.000e+00  1.265e+00  6.086e-17   36.687  2.496e-19  159.444  1.265e+00  -85.402
   21   17   6.000e-02   2.000e-02   0.000e+00  1.229e+00  6.096e-17   36.608  5.189e-19  164.319  1.229e+00  -86.000
   21   18   6.000e-02   3.000e-02   0.000e+00  1.176e+00  6.106e-17   36.510  8.765e-19  174.935  1.176e+00  -87.625
   21   19   6.000e-02   4.000e-02   0.000e+00  1.125e+00  6.110e-17   36.443  1.597e-18 -167.363  1.125e+00  -91.505
   21   20   6.000e-02   5.000e-02   0.000e+00  1.123e+00  6.099e-17   36.502  3.706e-18 -147.610  1.123e+00  -99.888
   21   21   6.000e-02   6.000e-02   0.000e+00  1.320e+00  6.625e-17   41.865  6.602e-18 -178.171  1.320e+00 -114.896
   21   22   6.000e-02   7.000e-02   0.000e+00  1.456e+00  7.133e-17   37.840  1.086e-17  144.862  1.456e+00 -128.404
   21   23   6.000e-02   8.000e-02   0.000e+00  1.485e+00  7.225e-17   31.533  1.379e-17  119.700  1.485e+00 -140.184
   21   24   6.000e-02   9.000e-02   0.000e+00  1.411e+00  6.868e-17   25.833  1.530e-17   97.849  1.411e+00 -150.173
   21   25   6.000e-02   1.000e-01   0.000e+00  1.255e+00  6.156e-17   22.605  1.578e-17   77.722  1.255e+00 -157.803
   21   26   6.000e-02   1.100e-01   0.000e+00  1.051e+00  5.299e-17   23.847  1.532e-17   58.737  1.051e+00 -161.780
   21   27   6.000e-02   1.200e-01   0.000e+00  8.524e-01  4.635e-17   31.240  1.394e-17   39.687  8.524e-01 -159.832
   21   28   6.000e-02   1.300e-01   0.000e+00  7.300e-01  4.520e-17   42.689  1.186e-17   18.154  7.300e-01 -150.290
   21   29   6.000e-02   1.400e-01   0.000e+00  7.390e-01  5.004e-17   51.395  9.786e-18   -9.558  7.390e-01 -137.912
   21   30   6.000e-02   1.500e-01   0.000e+00  8.532e-01  5.792e-17   53.868  9.769e-18  -43.934  8.532e-01 -131.102
   22    0   7.000e-02  -1.500e-01   0.000e+00  1.017e+00  7.268e-17   83.453  1.078e-17  114.265  1.017e+00  -93.709
   22    1   7.000e-02  -1.400e-01   0.000e+00  8.768e-01  6.606e-17   86.401  1.069e-17  147.957  8.768e-01  -92.920
   22    2   7.000e-02  -1.300e-01   0.000e+00  7.514e-01  5.827e-17   85.949  1.271e-17  175.376  7.514e-01  -98.960
   22    3   7.000e-02  -1.200e-01   0.000e+00  7.161e-01  5.188e-17   81.049  1.454e-17 -163.530  7.161e-01 -112.141
   22    4   7.000e-02  -1.100e-01   0.000e+00  8.187e-01  4.956e-17   72.925  1.537e-17 -145.320  8.187e-01 -124.368
   22    5   7.000e-02  -1.000e-01   0.000e+00  1.015e+00  5.200e-17   65.886  1.494e-17 -127.646  1.015e+00 -128.762
   22    6   7.000e-02  -9.000e-02   0.000e+00  1.233e+00  5.718e-17   63.139  1.338e-17 -109.229  1.233e+00 -126.442
   22    7   7.000e-02  -8.000e-02   0.000e+00  1.424e+00  6.228e-17   64.385  1.092e-17  -89.547  1.424e+00 -120.109
   22    8   7.000e-02  -7.000e-02   0.000e+00  1.562e+00  6.523e-17   67.703  7.828e-18  -68.389  1.562e+00 -111.620
   22    9   7.000e-02  -6.000e-02   0.000e+00  1.649e+00  6.510e-17   70.800  4.618e-18  -44.807  1.649e+00 -102.379
   22   10   7.000e-02  -5.000e-02   0.000e+00  1.713e+00  6.265e-17   71.475  2.626e-18  -24.077  1.713e+00  -94.075
   22   11   7.000e-02  -4.000e-02   0.000e+00  1.819e+00  6.179e-17   71.878  1.746e-18  -21.748  1.819e+00  -89.018
   22   12   7.000e-02  -3.000e-02   0.000e+00  1.936e+00  6.146e-17   72.167  1.197e-18  -24.079  1.936e+00  -86.548
   22   13   7.000e-02  -2.000e-02   0.000e+00  2.036e+00  6.131e-17   72.380  7.753e-19  -26.105  2.036e+00  -85.559
   22   14   7.000e-02  -1.000e-02   0.000e+00  2.104e+00  6.123e-17   72.516  3.864e-19  -27.109  2.104e+00  -85.252
   22   15   7.000e-02   0.000e+00   0.000e+00  2.127e+00  6.121e-17   72.563  0.000e+00    0.000  2.127e+00  -85.195
   22   16   7.000e-02   1.000e-02   0.000e+00  2.104e+00  6.123e-17   72.516  3.864e-19  152.891  2.104e+00  -85.252
   22   17   7.000e-02   2.000e-02   0.000e+00  2.036e+00  6.131e-17   72.380  7.753e-19  153.895  2.036e+00  -85.559
   22   18   7.000e-02   3.000e-02   0.000e+00  1.936e+00  6.146e-17   72.167  1.197e-18  155.921  1.936e+00  -86.548
   22   19   7.000e-02   4.000e-02   0.000e+00  1.819e+00  6.179e-17   71.878  1.746e-18  158.252  1.819e+00  -89.018
   22   20   7.000e-02   5.000e-02   0.000e+00  1.713e+00  6.265e-17   71.475  2.626e-18  155.923  1.713e+00  -94.075
   22   21   7.000e-02   6.000e-02   0.000e+00  1.649e+00  6.510e-17   70.800  4.618e-18  135.193  1.649e+00 -102.379
   22   22   7.000e-02   7.000e-02   0.000e+00  1.562e+00  6.523e-17   67.703  7.828e-18  111.611  1.562e+00 -111.620
   22   23   7.000e-02   8.000e-02   0.000e+00  1.424e+00  6.228e-17   64.385  1.092e-17   90.453  1.424e+00 -120.109
   22   24   7.000e-02   9.000e-02   0.000e+00  1.233e+00  5.718e-17   63.139  1.338e-17   70.771  1.233e+00 -126.442
   22   25   7.000e-02   1.000e-01   0.000e+00  1.015e+00  5.200e-17   65.886  1.494e-17   52.354  1.015e+00 -128.762
   22   26   7.000e-02   1.100e-01   0.000e+00  8.187e-01  4.956e-17   72.925  1.537e-17   34.680  8.187e-01 -124.368
   22   27   7.000e-02   1.200e-01   0.000e+00  7.161e-01  5.188e-17   81.049  1.454e-17   16.470  7.161e-01 -112.141
   22   28   7.000e-02   1.300e-01   0.000e+00  7.514e-01  5.827e-17   85.949  1.271e-17   -4.624  7.514e-01  -98.960
   22   29   7.000e-02   1.400e-01   0.000e+00  8.768e-01  6.606e-17   86.401  1.069e-17  -32.043  8.768e-01  -92.920
   22   30   7.000e-02   1.500e-01   0.000e+00  1.017e+00  7.268e-17   83.453  1.078e-17  -65.735  1.017e+00  -93.709
   23    0   8.000e-02  -1.500e-01   0.000e+00  1.160e+00  7.712e-17  107.758  1.109e-17   93.548  1.160e+00  -62.259
   23    1   8.000e-02  -1.400e-01   0.000e+00  1.068e+00  7.466e-17  112.442  1.097e-17  126.336  1.068e+00  -57.427
   23    2   8.000e-02  -1.300e-01   0.000e+00  9.288e-01  6.947e-17  115.974  1.285e-17  152.963  9.288e-01  -55.674
   23    3   8.000e-02  -1.200e-01   0.000e+00  7.781e-01  6.300e-17  117.417  1.439e-17  173.037  7.781e-01  -59.706
   23    4   8.000e-02  -1.100e-01   0.000e+00  6.849e-01  5.714e-17  116.068  1.480e-17 -170.251  6.849e-01  -71.940
   23    5   8.000e-02  -1.000e-01   0.000e+00  7.224e-01  5.376e-17  112.280  1.386e-17 -154.780  7.224e-01  -87.629
   23    6   8.000e-02  -9.000e-02   0.000e+00  8.822e-01  5.367e-17  107.993  1.179e-17 -139.387  8.822e-01  -96.955
   23    7   8.000e-02  -8.000e-02   0.000e+00  1.096e+00  5.602e-17  105.362  9.035e-18 -123.594  1.096e+00  -98.636
   23    8   8.000e-02  -7.000e-02   0.000e+00  1.313e+00  5.891e-17  104.937  6.122e-18 -107.450  1.313e+00  -95.973
   23    9   8.000e-02  -6.000e-02   0.000e+00  1.511e+00  6.072e-17  105.834  3.607e-18  -90.885  1.511e+00  -91.761
   23   10   8.000e-02  -5.000e-02   0.000e+00  1.692e+00  6.100e-17  106.830  2.049e-18  -72.182  1.692e+00  -87.967
   23   11   8.000e-02  -4.000e-02   0.000e+00  1.866e+00  6.107e-17  107.487  1.381e-18  -54.465  1.866e+00  -85.784
   23   12   8.000e-02  -3.000e-02   0.000e+00  2.026e+00  6.111e-17  107.885  1.027e-18  -42.771  2.026e+00  -84.992
   23   13   8.000e-02  -2.000e-02   0.000e+00  2.155e+00  6.115e-17  108.119  7.168e-19  -36.507  2.155e+00  -84.965
   23   14   8.000e-02  -1.000e-02   0.000e+00  2.239e+00  6.117e-17  108.244  3.739e-19  -33.568  2.239e+00  -85.165
   23   15   8.000e-02   0.000e+00   0.000e+00  2.268e+00  6.117e-17  108.284  0.000e+00    0.000  2.268e+00  -85.267
   23   16   8.000e-02   1.000e-02   0.000e+00  2.239e+00  6.117e-17  108.244  3.739e-19  146.432  2.239e+00  -85.165
   23   17   8.000e-02   2.000e-02   0.000e+00  2.155e+00  6.115e-17  108.119  7.168e-19  143.493  2.155e+00  -84.965
   23   18   8.000e-02   3.000e-02   0.000e+00  2.026e+00  6.111e-17  107.885  1.027e-18  137.229  2.026e+00  -84.992
   23   19   8.000e-02   4.000e-02   0.000e+00  1.866e+00  6.107e-17  107.487  1.381e-18  125.535  1.866e+00  -85.784
   23   20   8.000e-02   5.000e-02   0.000e+00  1.692e+00  6.100e-17  106.830  2.049e-18  107.818  1.692e+00  -87.967
   23   21   8.000e-02   6.000e-02   0.000e+00  1.511e+00  6.072e-17  105.834  3.607e-18   89.115  1.511e+00  -91.761
   23   22   8.000e-02   7.000e-02   0.000e+00  1.313e+00  5.891e-17  104.937  6.122e-18   72.550  1.313e+00  -95.973
   23   23   8.000e-02   8.000e-02   0.000e+00  1.096e+00  5.602e-17  105.362  9.035e-18   56.406  1.096e+00  -98.636
   23   24   8.000e-02   9.000e-02   0.000e+00  8.822e-01  5.367e-17  107.993  1.179e-17   40.613  8.822e-01  -96.955
   23   25   8.000e-02   1.000e-01   0.000e+00  7.224e-01  5.376e-17  112.280  1.386e-17   25.220  7.224e-01  -87.629
   23   26   8.000e-02   1.100e-01   0.000e+00  6.849e-01  5.714e-17  116.068  1.480e-17    9.749  6.849e-01  -71.940
   23   27   8.000e-02   1.200e-01   0.000e+00  7.781e-01  6.300e-17  117.417  1.439e-17   -6.963  7.781e-01  -59.706
   23   28   8.000e-02   1.300e-01   0.000e+00  9.288e-01  6.947e-17  115.974  1.285e-17  -27.037  9.288e-01  -55.674
   23   29   8.000e-02   1.400e-01   0.000e+00  1.068e+00  7.466e-17  112.442  1.097e-17  -53.664  1.068e+00  -57.427
   23   30   8.000e-02   1.500e-01   0.000e+00  1.160e+00  7.712e-17  107.758  1.109e-17  -86.452  1.160e+00  -62.259
   24    0   9.000e-02  -1.500e-01   0.000e+00  1.223e+00  6.939e-17  133.715  1.071e-17   72.037  1.223e+00  -33.838
   24    1   9.000e-02  -1.400e-01   0.000e+00  1.211e+00  7.146e-17  138.134  1.061e-17  103.943  1.211e+00  -28.222
   24    2   9.000e-02  -1.300e-01   0.000e+00  1.135e+00  7.096e-17  142.869  1.230e-17  129.647  1.135e+00  -23.046
   24    3   9.000e-02  -1.200e-01   0.000e+00  1.002e+00  6.843e-17  146.992  1.358e-17  148.560  1.002e+00  -19.415
   24    4   9.000e-02  -1.100e-01   0.000e+00  8.366e-01  6.481e-17  149.695  1.373e-17  163.668  8.366e-01  -19.149
   24    5   9.000e-02  -1.000e-01   0.000e+00  6.773e-01  6.124e-17  150.456  1.261e-17  176.832  6.773e-01  -25.231
   24    6   9.000e-02  -9.000e-02   0.000e+00  5.873e-01  5.882e-17  149.381  1.048e-17 -171.032  5.873e-01  -40.034
   24    7   9.000e-02  -8.000e-02   0.000e+00  6.201e-01  5.804e-17  147.360  7.833e-18 -159.632  6.201e-01  -57.949
   24    8   9.000e-02  -7.000e-02   0.000e+00  7.531e-01  5.858e-17  145.550  5.191e-18 -149.080  7.531e-01  -69.767
   24    9   9.000e-02  -6.000e-02   0.000e+00  9.270e-01  5.954e-17  144.570  3.004e-18 -139.045  9.270e-01  -75.435
   24   10   9.000e-02  -5.000e-02   0.000e+00  1.106e+00  6.022e-17  144.282  1.522e-18 -125.407  1.106e+00  -78.383
   24   11   9.000e-02  -4.000e-02   0.000e+00  1.278e+00  6.061e-17  144.235  7.677e-19  -97.922  1.278e+00  -80.707
   24   12   9.000e-02  -3.000e-02   0.000e+00  1.433e+00  6.081e-17  144.251  5.389e-19  -62.513  1.433e+00  -82.881
   24   13   9.000e-02  -2.000e-02   0.000e+00  1.557e+00  6.089e-17  144.278  4.328e-19  -42.768  1.557e+00  -84.730
   24   14   9.000e-02  -1.000e-02   0.000e+00  1.638e+00  6.091e-17  144.300  2.495e-19  -35.116  1.638e+00  -85.970
   24   15   9.000e-02   0.000e+00   0.000e+00  1.667e+00  6.091e-17  144.308  0.000e+00    0.000  1.667e+00  -86.405
   24   16   9.000e-02   1.000e-02   0.000e+00  1.638e+00  6.091e-17  144.300  2.495e-19  144.884  1.638e+00  -85.970
   24   17   9.000e-02   2.000e-02   0.000e+00  1.557e+00  6.089e-17  144.278  4.328e-19  137.232  1.557e+00  -84.730
   24   18   9.000e-02   3.000e-02   0.000e+00  1.433e+00  6.081e-17  144.251  5.389e-19  117.487  1.433e+00  -82.881
   24   19   9.000e-02   4.000e-02   0.000e+00  1.278e+00  6.061e-17  144.235  7.677e-19   82.078  1.278e+00  -80.707
   24   20   9.000e-02   5.000e-02   0.000e+00  1.106e+00  6.022e-17  144.282  1.522e-18   54.593  1.106e+00  -78.383
   24   21   9.000e-02   6.000e-02   0.000e+00  9.270e-01  5.954e-17  144.570  3.004e-18   40.955  9.270e-01  -75.435
   24   22   9.000e-02   7.000e-02   0.000e+00  7.531e-01  5.858e-17  145.550  5.191e-18   30.920  7.531e-01  -69.767
   24   23   9.000e-02   8.000e-02   0.000e+00  6.201e-01  5.804e-17  147.360  7.833e-18   20.368  6.201e-01  -57.949
   24   24   9.000e-02   9.000e-02   0.000e+00  5.873e-01  5.882e-17  149.381  1.048e-17    8.968  5.873e-01  -40.034
   24   25   9.000e-02   1.000e-01   0.000e+00  6.773e-01  6.124e-17  150.456  1.261e-17   -3.168  6.773e-01  -25.231
   24   26   9.000e-02   1.100e-01   0.000e+00  8.366e-01  6.481e-17  149.695  1.373e-17  -16.332  8.366e-01  -19.149
   24   27   9.000e-02   1.200e-01   0.000e+00  1.002e+00  6.843e-17  146.992  1.358e-17  -31.440  1.002e+00  -19.415
   24   28   9.000e-02   1.300e-01   0.000e+00  1.135e+00  7.096e-17  142.869  1.230e-17  -50.353  1.135e+00  -23.046
   24   29   9.000e-02   1.400e-01   0.000e+00  1.211e+00  7.146e-17  138.134  1.061e-17  -76.057  1.211e+00  -28.222
   24   30   9.000e-02   1.500e-01   0.000e+00  1.223e+00  6.939e-17  133.715  1.071e-17 -107.963  1.223e+00  -33.838
   25    0   1.000e-01  -1.500e-01   0.000e+00  1.171e+00  5.561e-17  168.547  9.896e-18   48.256  1.171e+00   -5.744
   25    1   1.000e-01  -1.400e-01   0.000e+00  1.234e+00  6.037e-17  170.043  9.829e-18   79.299  1.234e+00   -1.634
   25    2   1.000e-01  -1.300e-01   0.000e+00  1.246e+00  6.402e-17  173.293  1.131e-17  104.049  1.246e+00    3.727
   25    3   1.000e-01  -1.200e-01   0.000e+00  1.205e+00  6.608e-17  177.065  1.234e-17  121.808  1.205e+00    9.606
   25    4   1.000e-01  -1.100e-01   0.000e+00  1.114e+00  6.657e-17 -179.584  1.234e-17  135.426  1.114e+00   15.308
   25    5   1.000e-01  -1.000e-01   0.000e+00  9.838e-01  6.584e-17 -177.289  1.124e-17  146.547  9.838e-01   20.082
   25    6   1.000e-01  -9.000e-02   0.000e+00  8.280e-01  6.449e-17 -176.324  9.304e-18  155.864  8.280e-01   23.003
   25    7   1.000e-01  -8.000e-02   0.000e+00  6.622e-01  6.317e-17 -176.531  6.980e-18  163.438  6.622e-01   22.802
   25    8   1.000e-01  -7.000e-02   0.000e+00  5.034e-01  6.226e-17 -177.389  4.713e-18  168.889  5.034e-01   17.517
   25    9   1.000e-01  -6.000e-02   0.000e+00  3.703e-01  6.178e-17 -178.300  2.826e-18  171.699  3.703e-01    3.807
   25   10   1.000e-01  -5.000e-02   0.000e+00  2.918e-01  6.152e-17 -178.931  1.449e-18  171.889  2.918e-01  -22.315
   25   11   1.000e-01  -4.000e-02   0.000e+00  3.001e-01  6.133e-17 -179.278  5.602e-19  169.951  3.001e-01  -54.668
   25   12   1.000e-01  -3.000e-02   0.000e+00  3.758e-01  6.115e-17 -179.424  7.302e-20  158.871  3.758e-01  -77.594
   25   13   1.000e-01  -2.000e-02   0.000e+00  4.659e-01  6.100e-17 -179.453  1.183e-19   -6.099  4.659e-01  -89.943
   25   14   1.000e-01  -1.000e-02   0.000e+00  5.333e-01  6.089e-17 -179.437  1.089e-19   -9.212  5.333e-01  -95.892
   25   15   1.000e-01   0.000e+00   0.000e+00  5.579e-01  6.085e-17 -179.426  0.000e+00    0.000  5.579e-01  -97.672
   25   16   1.000e-01   1.000e-02   0.000e+00  5.333e-01  6.089e-17 -179.437  1.089e-19  170.788  5.333e-01  -95.892
   25   17   1.000e-01   2.000e-02   0.000e+00  4.659e-01  6.100e-17 -179.453  1.183e-19  173.901  4.659e-01  -89.943
   25   18   1.000e-01   3.000e-02   0.000e+00  3.758e-01  6.115e-17 -179.424  7.302e-20  -21.129  3.758e-01  -77.594
   25   19   1.000e-01   4.000e-02   0.000e+00  3.001e-01  6.133e-17 -179.278  5.602e-19  -10.049  3.001e-01  -54.668
   25   20   1.000e-01   5.000e-02   0.000e+00  2.918e-01  6.152e-17 -178.931  1.449e-18   -8.111  2.918e-01  -22.315
   25   21   1.000e-01   6.000e-02   0.000e+00  3.703e-01  6.178e-17 -178.300  2.826e-18   -8.301  3.703e-01    3.807
   25   22   1.000e-01   7.000e-02   0.000e+00  5.034e-01  6.226e-17 -177.389  4.713e-18  -11.111  5.034e-01   17.517
   25   23   1.000e-01   8.000e-02   0.000e+00  6.622e-01  6.317e-17 -176.531  6.980e-18  -16.562  6.622e-01   22.802
   25   24   1.000e-01   9.000e-02   0.000e+00  8.280e-01  6.449e-17 -176.324  9.304e-18  -24.136  8.280e-01   23.003
   25   25   1.000e-01   1.000e-01   0.000e+00  9.838e-01  6.584e-17 -177.289  1.124e-17  -33.453  9.838e-01   20.082
   25   26   1.000e-01   1.100e-01   0.000e+00  1.114e+00  6.657e-17 -179.584  1.234e-17  -44.574  1.114e+00   15.308
   25   27   1.000e-01   1.200e-01   0.000e+00  1.205e+00  6.608e-17  177.065  1.234e-17  -58.192  1.205e+00    9.606
   25   28   1.000e-01   1.300e-01   0.000e+00  1.246e+00  6.402e-17  173.293  1.131e-17  -75.951  1.246e+00    3.727
   25   29   1.000e-01   1.400e-01   0.000e+00  1.234e+00  6.037e-17  170.043  9.829e-18 -100.701  1.234e+00   -1.634
   25   30   1.000e-01   1.500e-01   0.000e+00  1.171e+00  5.561e-17  168.547  9.896e-18 -131.744  1.171e+00   -5.744
   26    0   1.100e-01  -1.500e-01   0.000e+00  1.015e+00  4.942e-17 -143.473  9.040e-18   21.433  1.015e+00   25.781
   26    1   1.100e-01  -1.400e-01   0.000e+00  1.109e+00  5.229e-17 -146.914  9.021e-18   51.571  1.109e+00   26.263
   26    2   1.100e-01  -1.300e-01   0.000e+00  1.192e+00  5.638e-17 -148.241  1.031e-17   75.266  1.192e+00   29.361
   26    3   1.100e-01  -1.200e-01   0.000e+00  1.248e+00  6.039e-17 -147.932  1.113e-17   91.794  1.248e+00   34.150
   26    4   1.100e-01  -1.100e-01   0.000e+00  1.272e+00  6.341e-17 -146.801  1.104e-17  103.971  1.272e+00   39.867
   26    5   1.100e-01  -1.000e-01   0.000e+00  1.260e+00  6.508e-17 -145.540  1.001e-17  113.322  1.260e+00   45.972
   26    6   1.100e-01  -9.000e-02   0.000e+00  1.218e+00  6.548e-17 -144.582  8.330e-18  120.446  1.218e+00   52.148
   26    7   1.100e-01  -8.000e-02   0.000e+00  1.152e+00  6.501e-17 -144.087  6.370e-18  125.380  1.152e+00   58.308
   26    8   1.100e-01  -7.000e-02   0.000e+00  1.070e+00  6.413e-17 -143.971  4.490e-18  127.793  1.070e+00   64.609
   26    9   1.100e-01  -6.000e-02   0.000e+00  9.812e-01  6.323e-17 -144.016  2.921e-18  127.148  9.812e-01   71.431
   26   10   1.100e-01  -5.000e-02   0.000e+00  8.953e-01  6.246e-17 -144.021  1.751e-18  122.760  8.953e-01   79.254
   26   11   1.100e-01  -4.000e-02   0.000e+00  8.232e-01  6.188e-17 -143.909  9.616e-19  113.424  8.232e-01   88.298
   26   12   1.100e-01  -3.000e-02   0.000e+00  7.748e-01  6.147e-17 -143.700  4.916e-19   97.076  7.748e-01   97.988
   26   13   1.100e-01  -2.000e-02   0.000e+00  7.523e-01  6.121e-17 -143.464  2.489e-19   74.220  7.523e-01  106.774
   26   14   1.100e-01  -1.000e-02   0.000e+00  7.475e-01  6.107e-17 -143.281  1.142e-19   54.657  7.475e-01  112.833
   26   15   1.100e-01   0.000e+00   0.000e+00  7.478e-01  6.102e-17 -143.213  0.000e+00    0.000  7.478e-01  114.975
   26   16   1.100e-01   1.000e-02   0.000e+00  7.475e-01  6.107e-17 -143.281  1.142e-19 -125.343  7.475e-01  112.833
   26   17   1.100e-01   2.000e-02   0.000e+00  7.523e-01  6.121e-17 -143.464  2.489e-19 -105.780  7.523e-01  106.774
   26   18   1.100e-01   3.000e-02   0.000e+00  7.748e-01  6.147e-17 -143.700  4.916e-19  -82.924  7.748e-01   97.988
   26   19   1.100e-01   4.000e-02   0.000e+00  8.232e-01  6.188e-17 -143.909  9.616e-19  -66.576  8.232e-01   88.298
   26   20   1.100e-01   5.000e-02   0.000e+00  8.953e-01  6.246e-17 -144.021  1.751e-18  -57.240  8.953e-01   79.254
   26   21   1.100e-01   6.000e-02   0.000e+00  9.812e-01  6.323e-17 -144.016  2.921e-18  -52.852  9.812e-01   71.431
   26   22   1.100e-01   7.000e-02   0.000e+00  1.070e+00  6.413e-17 -143.971  4.490e-18  -52.207  1.070e+00   64.609
   26   23   1.100e-01   8.000e-02   0.000e+00  1.152e+00  6.501e-17 -144.087  6.370e-18  -54.620  1.152e+00   58.308
   26   24   1.100e-01   9.000e-02   0.000e+00  1.218e+00  6.548e-17 -144.582  8.330e-18  -59.554  1.218e+00   52.148
   26   25   1.100e-01   1.000e-01   0.000e+00  1.260e+00  6.508e-17 -145.540  1.001e-17  -66.678  1.260e+00   45.972
   26   26   1.100e-01   1.100e-01   0.000e+00  1.272e+00  6.341e-17 -146.801  1.104e-17  -76.029  1.272e+00   39.867
   26   27   1.100e-01   1.200e-01   0.000e+00  1.248e+00  6.039e-17 -147.932  1.113e-17  -88.206  1.248e+00   34.150
   26   28   1.100e-01   1.300e-01   0.000e+00  1.192e+00  5.638e-17 -148.241  1.031e-17 -104.734  1.192e+00   29.361
   26   29   1.100e-01   1.400e-01   0.000e+00  1.109e+00  5.229e-17 -146.914  9.021e-18 -128.429  1.109e+00   26.263
   26   30   1.100e-01   1.500e-01   0.000e+00  1.015e+00  4.942e-17 -143.473  9.040e-18 -158.567  1.015e+00   25.781
   27    0   1.200e-01  -1.500e-01   0.000e+00  8.463e-01  5.712e-17  -98.615  8.491e-18   -7.286  8.463e-01   66.632
   27    1   1.200e-01  -1.400e-01   0.000e+00  8.947e-01  5.584e-17 -101.787  8.544e-18   21.945  8.947e-01   61.934
   27    2   1.200e-01  -1.300e-01   0.000e+00  9.839e-01  5.629e-17 -105.331  9.730e-18   44.442  9.839e-01   59.857
   27    3   1.200e-01  -1.200e-01   0.000e+00  1.090e+00  5.791e-17 -108.222  1.044e-17   59.556  1.090e+00   60.415
   27    4   1.200e-01  -1.100e-01   0.000e+00  1.195e+00  5.986e-17 -110.034  1.028e-17   70.190  1.195e+00   62.898
   27    5   1.200e-01  -1.000e-01   0.000e+00  1.286e+00  6.145e-17 -110.862  9.306e-18   77.874  1.286e+00   66.589
   27    6   1.200e-01  -9.000e-02   0.000e+00  1.359e+00  6.232e-17 -111.008  7.777e-18   83.283  1.359e+00   70.996
   27    7   1.200e-01  -8.000e-02   0.000e+00  1.416e+00  6.249e-17 -110.763  6.036e-18   86.659  1.416e+00   75.837
   27    8   1.200e-01  -7.000e-02   0.000e+00  1.460e+00  6.221e-17 -110.320  4.376e-18   88.063  1.460e+00   80.977
   27    9   1.200e-01  -6.000e-02   0.000e+00  1.499e+00  6.177e-17 -109.774  2.978e-18   87.528  1.499e+00   86.333
   27   10   1.200e-01  -5.000e-02   0.000e+00  1.537e+00  6.140e-17 -109.172  1.905e-18   85.126  1.537e+00   91.778
   27   11   1.200e-01  -4.000e-02   0.000e+00  1.578e+00  6.119e-17 -108.560  1.141e-18   80.929  1.578e+00   97.062
   27   12   1.200e-01  -3.000e-02   0.000e+00  1.620e+00  6.113e-17 -107.993  6.339e-19   75.003  1.620e+00  101.802
   27   13   1.200e-01  -2.000e-02   0.000e+00  1.659e+00  6.118e-17 -107.534  3.199e-19   67.770  1.659e+00  105.566
   27   14   1.200e-01  -1.000e-02   0.000e+00  1.687e+00  6.125e-17 -107.235  1.305e-19   61.006  1.687e+00  107.982
   27   15   1.200e-01   0.000e+00   0.000e+00  1.697e+00  6.128e-17 -107.131  0.000e+00    0.000  1.697e+00  108.814
   27   16   1.200e-01   1.000e-02   0.000e+00  1.687e+00  6.125e-17 -107.235  1.305e-19 -118.994  1.687e+00  107.982
   27   17   1.200e-01   2.000e-02   0.000e+00  1.659e+00  6.118e-17 -107.534  3.199e-19 -112.230  1.659e+00  105.566
   27   18   1.200e-01   3.000e-02   0.000e+00  1.620e+00  6.113e-17 -107.993  6.339e-19 -104.997  1.620e+00  101.802
   27   19   1.200e-01   4.000e-02   0.000e+00  1.578e+00  6.119e-17 -108.560  1.141e-18  -99.071  1.578e+00   97.062
   27   20   1.200e-01   5.000e-02   0.000e+00  1.537e+00  6.140e-17 -109.172  1.905e-18  -94.874  1.537e+00   91.778
   27   21   1.200e-01   6.000e-02   0.000e+00  1.499e+00  6.177e-17 -109.774  2.978e-18  -92.472  1.499e+00   86.333
   27   22   1.200e-01   7.000e-02   0.000e+00  1.460e+00  6.221e-17 -110.320  4.376e-18  -91.937  1.460e+00   80.977
   27   23   1.200e-01   8.000e-02   0.000e+00  1.416e+00  6.249e-17 -110.763  6.036e-18  -93.341  1.416e+00   75.837
   27   24   1.200e-01   9.000e-02   0.000e+00  1.359e+00  6.232e-17 -111.008  7.777e-18  -96.717  1.359e+00   70.996
   27   25   1.200e-01   1.000e-01   0.000e+00  1.286e+00  6.145e-17 -110.862  9.306e-18 -102.126  1.286e+00   66.589
   27   26   1.200e-01   1.100e-01   0.000e+00  1.195e+00  5.986e-17 -110.034  1.028e-17 -109.810  1.195e+00   62.898
   27   27   1.200e-01   1.200e-01   0.000e+00  1.090e+00  5.791e-17 -108.222  1.044e-17 -120.444  1.090e+00   60.415
   27   28   1.200e-01   1.300e-01   0.000e+00  9.839e-01  5.629e-17 -105.331  9.730e-18 -135.558  9.839e-01   59.857
   27   29   1.200e-01   1.400e-01   0.000e+00  8.947e-01  5.584e-17 -101.787  8.544e-18 -158.055  8.947e-01   61.934
   27   30   1.200e-01   1.500e-01   0.000e+00  8.463e-01  5.712e-17  -98.615  8.491e-18  172.714  8.463e-01   66.632
   28    0   1.300e-01  -1.500e-01   0.000e+00  8.470e-01  6.653e-17  -65.719  8.226e-18  -35.019  8.470e-01  115.931
   28    1   1.300e-01  -1.400e-01   0.000e+00  7.942e-01  6.396e-17  -66.094  8.373e-18   -6.563  7.942e-01  111.466
   28    2   1.300e-01  -1.300e-01   0.000e+00  7.876e-01  6.175e-17  -67.543  9.550e-18   14.728  7.876e-01  104.726
   28    3   1.300e-01  -1.200e-01   0.000e+00  8.332e-01  6.023e-17  -69.540  1.023e-17   28.353  8.332e-01   98.029
   28    4   1.300e-01  -1.100e-01   0.000e+00  9.203e-01  5.941e-17  -71.476  1.006e-17   37.348  9.203e-01   93.276
   28    5   1.300e-01  -1.000e-01   0.000e+00  1.032e+00  5.909e-17  -72.904  9.103e-18   43.300  1.032e+00   90.947
   28    6   1.300e-01  -9.000e-02   0.000e+00  1.154e+00  5.904e-17  -73.655  7.618e-18   46.980  1.154e+00   90.644
   28    7   1.300e-01  -8.000e-02   0.000e+00  1.279e+00  5.908e-17  -73.796  5.921e-18   48.803  1.279e+00   91.798
   28    8   1.300e-01  -7.000e-02   0.000e+00  1.406e+00  5.919e-17  -73.514  4.282e-18   49.073  1.406e+00   93.936
   28    9   1.300e-01  -6.000e-02   0.000e+00  1.532e+00  5.940e-17  -73.018  2.872e-18   48.102  1.532e+00   96.685
   28   10   1.300e-01  -5.000e-02   0.000e+00  1.656e+00  5.974e-17  -72.475  1.767e-18   46.211  1.656e+00   99.723
   28   11   1.300e-01  -4.000e-02   0.000e+00  1.776e+00  6.019e-17  -71.992  9.748e-19   43.649  1.776e+00  102.746
   28   12   1.300e-01  -3.000e-02   0.000e+00  1.884e+00  6.070e-17  -71.621  4.619e-19   40.417  1.884e+00  105.457
   28   13   1.300e-01  -2.000e-02   0.000e+00  1.971e+00  6.116e-17  -71.371  1.750e-19   35.913  1.971e+00  107.595
   28   14   1.300e-01  -1.000e-02   0.000e+00  2.028e+00  6.148e-17  -71.231  4.691e-20   28.776  2.028e+00  108.959
   28   15   1.300e-01   0.000e+00   0.000e+00  2.048e+00  6.159e-17  -71.186  0.000e+00    0.000  2.048e+00  109.427
   28   16   1.300e-01   1.000e-02   0.000e+00  2.028e+00  6.148e-17  -71.231  4.691e-20 -151.224  2.028e+00  108.959
   28   17   1.300e-01   2.000e-02   0.000e+00  1.971e+00  6.116e-17  -71.371  1.750e-19 -144.087  1.971e+00  107.595
   28   18   1.300e-01   3.000e-02   0.000e+00  1.884e+00  6.070e-17  -71.621  4.619e-19 -139.583  1.884e+00  105.457
   28   19   1.300e-01   4.000e-02   0.000e+00  1.776e+00  6.019e-17  -71.992  9.748e-19 -136.351  1.776e+00  102.746
   28   20   1.300e-01   5.000e-02   0.000e+00  1.656e+00  5.974e-17  -72.475  1.767e-18 -133.789  1.656e+00   99.723
   28   21   1.300e-01   6.000e-02   0.000e+00  1.532e+00  5.940e-17  -73.018  2.872e-18 -131.898  1.532e+00   96.685
   28   22   1.300e-01   7.000e-02   0.000e+00  1.406e+00  5.919e-17  -73.514  4.282e-18 -130.927  1.406e+00   93.936
   28   23   1.300e-01   8.000e-02   0.000e+00  1.279e+00  5.908e-17  -73.796  5.921e-18 -131.197  1.279e+00   91.798
   28   24   1.300e-01   9.000e-02   0.000e+00  1.154e+00  5.904e-17  -73.655  7.618e-18 -133.020  1.154e+00   90.644
   28   25   1.300e-01   1.000e-01   0.000e+00  1.032e+00  5.909e-17  -72.904  9.103e-18 -136.700  1.032e+00   90.947
   28   26   1.300e-01   1.100e-01   0.000e+00  9.203e-01  5.941e-17  -71.476  1.006e-17 -142.652  9.203e-01   93.276
   28   27   1.300e-01   1.200e-01   0.000e+00  8.332e-01  6.023e-17  -69.540  1.023e-17 -151.647  8.332e-01   98.029
   28   28   1.300e-01   1.300e-01   0.000e+00  7.876e-01  6.175e-17  -67.543  9.550e-18 -165.272  7.876e-01  104.726
   28   29   1.300e-01   1.400e-01   0.000e+00  7.942e-01  6.396e-17  -66.094  8.373e-18  173.437  7.942e-01  111.466
   28   30   1.300e-01   1.500e-01   0.000e+00  8.470e-01  6.653e-17  -65.719  8.226e-18  144.981  8.470e-01  115.931
   29    0   1.400e-01  -1.500e-01   0.000e+00  1.039e+00  6.810e-17  -37.185  7.849e-18  -60.096  1.039e+00  156.848
   29    1   1.400e-01  -1.400e-01   0.000e+00  9.608e-01  6.684e-17  -35.863  8.093e-18  -32.292  9.608e-01  158.133
   29    2   1.400e-01  -1.300e-01   0.000e+00  8.701e-01  6.496e-17  -35.010  9.276e-18  -12.138  8.701e-01  156.856
   29    3   1.400e-01  -1.200e-01   0.000e+00  7.840e-01  6.292e-17  -34.606  9.964e-18    0.013  7.840e-01  152.496
   29    4   1.400e-01  -1.100e-01   0.000e+00  7.232e-01  6.113e-17  -34.520  9.831e-18    7.314  7.232e-01  144.966
   29    5   1.400e-01  -1.000e-01   0.000e+00  7.056e-01  5.982e-17  -34.573  8.935e-18   11.362  7.056e-01  135.311
   29    6   1.400e-01  -9.000e-02   0.000e+00  7.393e-01  5.906e-17  -34.621  7.513e-18   12.913  7.393e-01  125.741
   29    7   1.400e-01  -8.000e-02   0.000e+00  8.195e-01  5.881e-17  -34.608  5.856e-18   12.317  8.195e-01  118.238
   29    8   1.400e-01  -7.000e-02   0.000e+00  9.346e-01  5.895e-17  -34.562  4.217e-18    9.670  9.346e-01  113.442
   29    9   1.400e-01  -6.000e-02   0.000e+00  1.072e+00  5.935e-17  -34.550  2.775e-18    4.719  1.072e+00  110.979
   29   10   1.400e-01  -5.000e-02   0.000e+00  1.220e+00  5.990e-17  -34.627  1.632e-18   -3.661  1.220e+00  110.157
   29   11   1.400e-01  -4.000e-02   0.000e+00  1.367e+00  6.049e-17  -34.801  8.373e-19  -19.076  1.367e+00  110.320
   29   12   1.400e-01  -3.000e-02   0.000e+00  1.500e+00  6.103e-17  -35.038  4.012e-19  -49.970  1.500e+00  110.944
   29   13   1.400e-01  -2.000e-02   0.000e+00  1.607e+00  6.147e-17  -35.277  2.478e-19  -90.514  1.607e+00  111.645
   29   14   1.400e-01  -1.000e-02   0.000e+00  1.676e+00  6.175e-17  -35.453  1.466e-19 -112.680  1.676e+00  112.165
   29   15   1.400e-01   0.000e+00   0.000e+00  1.700e+00  6.185e-17  -35.517  0.000e+00    0.000  1.700e+00  112.354
   29   16   1.400e-01   1.000e-02   0.000e+00  1.676e+00  6.175e-17  -35.453  1.466e-19   67.320  1.676e+00  112.165
   29   17   1.400e-01   2.000e-02   0.000e+00  1.607e+00  6.147e-17  -35.277  2.478e-19   89.486  1.607e+00  111.645
   29   18   1.400e-01   3.000e-02   0.000e+00  1.500e+00  6.103e-17  -35.038  4.012e-19  130.030  1.500e+00  110.944
   29   19   1.400e-01   4.000e-02   0.000e+00  1.367e+00  6.049e-17  -34.801  8.373e-19  160.924  1.367e+00  110.320
   29   20   1.400e-01   5.000e-02   0.000e+00  1.220e+00  5.990e-17  -34.627  1.632e-18  176.339  1.220e+00  110.157
   29   21   1.400e-01   6.000e-02   0.000e+00  1.072e+00  5.935e-17  -34.550  2.775e-18 -175.281  1.072e+00  110.979
   29   22   1.400e-01   7.000e-02   0.000e+00  9.346e-01  5.895e-17  -34.562  4.217e-18 -170.330  9.346e-01  113.442
   29   23   1.400e-01   8.000e-02   0.000e+00  8.195e-01  5.881e-17  -34.608  5.856e-18 -167.683  8.195e-01  118.238
   29   24   1.400e-01   9.000e-02   0.000e+00  7.393e-01  5.906e-17  -34.621  7.513e-18 -167.087  7.393e-01  125.741
   29   25   1.400e-01   1.000e-01   0.000e+00  7.056e-01  5.982e-17  -34.573  8.935e-18 -168.638  7.056e-01  135.311
   29   26   1.400e-01   1.100e-01   0.000e+00  7.232e-01  6.113e-17  -34.520  9.831e-18 -172.686  7.232e-01  144.966
   29   27   1.400e-01   1.200e-01   0.000e+00  7.840e-01  6.292e-17  -34.606  9.964e-18 -179.987  7.840e-01  152.496
   29   28   1.400e-01   1.300e-01   0.000e+00  8.701e-01  6.496e-17  -35.010  9.276e-18  167.862  8.701e-01  156.856
   29   29   1.400e-01   1.400e-01   0.000e+00  9.608e-01  6.684e-17  -35.863  8.093e-18  147.708  9.608e-01  158.133
   29   30   1.400e-01   1.500e-01   0.000e+00  1.039e+00  6.810e-17  -37.185  7.849e-18  119.904  1.039e+00  156.848
   30    0   1.500e-01  -1.500e-01   0.000e+00  1.218e+00  6.194e-17   -6.631  6.972e-18  -83.698  1.218e+00 -173.598
   30    1   1.500e-01  -1.400e-01   0.000e+00  1.189e+00  6.296e-17   -5.058  7.302e-18  -56.533  1.189e+00 -170.265
   30    2   1.500e-01  -1.300e-01   0.000e+00  1.124e+00  6.325e-17   -3.122  8.437e-18  -37.582  1.124e+00 -167.270
   30    3   1.500e-01  -1.200e-01   0.000e+00  1.031e+00  6.301e-17   -1.168  9.136e-18  -27.020  1.031e+00 -164.775
   30    4   1.500e-01  -1.100e-01   0.000e+00  9.202e-01  6.253e-17    0.539  9.109e-18  -21.568  9.202e-01 -163.051
   30    5   1.500e-01  -1.000e-01   0.000e+00  7.991e-01  6.206e-17    1.833  8.401e-18  -19.620  7.991e-01 -162.595
   30    6   1.500e-01  -9.000e-02   0.000e+00  6.765e-01  6.173e-17    2.649  7.206e-18  -20.467  6.765e-01 -164.312
   30    7   1.500e-01  -8.000e-02   0.000e+00  5.633e-01  6.159e-17    3.002  5.762e-18  -23.899  5.633e-01 -169.702
   30    8   1.500e-01  -7.000e-02   0.000e+00  4.771e-01  6.161e-17    2.967  4.292e-18  -30.154  4.771e-01  179.388
   30    9   1.500e-01  -6.000e-02   0.000e+00  4.427e-01  6.171e-17    2.642  2.976e-18  -40.127  4.427e-01  163.044
   30   10   1.500e-01  -5.000e-02   0.000e+00  4.738e-01  6.180e-17    2.131  1.946e-18  -55.626  4.738e-01  146.283
   30   11   1.500e-01  -4.000e-02   0.000e+00  5.529e-01  6.185e-17    1.535  1.276e-18  -78.104  5.529e-01  134.274
   30   12   1.500e-01  -3.000e-02   0.000e+00  6.483e-01  6.184e-17    0.948  9.112e-19 -103.295  6.483e-01  127.304
   30   13   1.500e-01  -2.000e-02   0.000e+00  7.340e-01  6.180e-17    0.457  6.563e-19 -122.373  7.340e-01  123.654
   30   14   1.500e-01  -1.000e-02   0.000e+00  7.922e-01  6.175e-17    0.132  3.581e-19 -132.731  7.922e-01  121.948
   30   15   1.500e-01   0.000e+00   0.000e+00  8.128e-01  6.173e-17    0.018  0.000e+00    0.000  8.128e-01  121.453
   30   16   1.500e-01   1.000e-02   0.000e+00  7.922e-01  6.175e-17    0.132  3.581e-19   47.269  7.922e-01  121.948
   30   17   1.500e-01   2.000e-02   0.000e+00  7.340e-01  6.180e-17    0.457  6.563e-19   57.627  7.340e-01  123.654
   30   18   1.500e-01   3.000e-02   0.000e+00  6.483e-01  6.184e-17    0.948  9.112e-19   76.705  6.483e-01  127.304
   30   19   1.500e-01   4.000e-02   0.000e+00  5.529e-01  6.185e-17    1.535  1.276e-18  101.896  5.529e-01  134.274
   30   20   1.500e-01   5.000e-02   0.000e+00  4.738e-01  6.180e-17    2.131  1.946e-18  124.374  4.738e-01  146.283
   30   21   1.500e-01   6.000e-02   0.000e+00  4.427e-01  6.171e-17    2.642  2.976e-18  139.873  4.427e-01  163.044
   30   22   1.500e-01   7.000e-02   0.000e+00  4.771e-01  6.161e-17    2.967  4.292e-18  149.846  4.771e-01  179.388
   30   23   1.500e-01   8.000e-02   0.000e+00  5.633e-01  6.159e-17    3.002  5.762e-18  156.101  5.633e-01 -169.702
   30   24   1.500e-01   9.000e-02   0.000e+00  6.765e-01  6.173e-17    2.649  7.206e-18  159.533  6.765e-01 -164.312
   30   25   1.500e-01   1.000e-01   0.000e+00  7.991e-01  6.206e-17    1.833  8.401e-18  160.380  7.991e-01 -162.595
   30   26   1.500e-01   1.100e-01   0.000e+00  9.202e-01  6.253e-17    0.539  9.109e-18  158.432  9.202e-01 -163.051
   30   27   1.500e-01   1.200e-01   0.000e+00  1.031e+00  6.301e-17   -1.168  9.136e-18  152.980  1.031e+00 -164.775
   30   28   1.500e-01   1.300e-01   0.000e+00  1.124e+00  6.325e-17   -3.122  8.437e-18  142.418  1.124e+00 -167.270
   30   29   1.500e-01   1.400e-01   0.000e+00  1.189e+00  6.296e-17   -5.058  7.302e-18  123.467  1.189e+00 -170.265
   30   30   1.500e-01   1.500e-01   0.000e+00  1.218e+00  6.194e-17   -6.631  6.972e-18   96.302  1.218e+00 -173.598
